Date,Open,High,Low,Close,Volume,Dividend,Split,Adj_Open,Adj_High,Adj_Low,Adj_Close,Adj_Volume,bid,ask
2016-01-06,22.13,23.5,22.0,23.5,249637.0,0.0,1.0,21.3113090212,22.6306263894,21.186118322,22.6306263894,249637.0,0.00 x,0.00 x
2016-01-07,23.3,23.4,22.25,22.44,478825.0,0.0,1.0,22.4380253138,22.5343258516,21.4268696666,21.6098406885,478825.0,0.00 x,0.00 x
2016-01-08,22.44,23.105,21.88,22.0,223587.0,0.0,1.0,21.6098406885,22.250239265,21.0705576766,21.186118322,223587.0,0.00 x,0.00 x
2016-01-11,22.06,22.2,21.69,21.78,282470.0,0.0,1.0,21.2438986447,21.3787193977,20.8875866548,20.9742571388,282470.0,0.00 x,0.00 x
2016-01-12,21.89,22.03,21.34,21.67,489381.0,0.0,1.0,21.0801877304,21.2150084834,20.5505347724,20.8683265472,489381.0,0.00 x,0.00 x
2016-01-13,21.66,21.88,20.99,21.23,410130.0,0.0,1.0,20.8586964934,21.0705576766,20.21348289,20.4446041808,410130.0,0.00 x,0.00 x
2016-01-14,21.4,21.88,21.11,21.6,546458.0,0.0,1.0,20.6083150951,21.0705576766,20.3290435354,20.8009161707,546458.0,0.00 x,0.00 x
2016-01-15,21.18,21.31,20.5,21.05,430323.0,0.0,1.0,20.3964539118,20.521644611,19.7416102546,20.2712632127,430323.0,0.00 x,0.00 x
2016-01-19,21.26,21.26,20.76,20.93,386600.0,0.0,1.0,20.4734943421,20.4734943421,19.991991653,20.1557025673,386600.0,0.00 x,0.00 x
2016-01-20,20.92,21.03,19.54,20.36,863566.0,0.0,1.0,20.1460725135,20.2520031051,18.8171250915,19.6067895017,863566.0,0.00 x,0.00 x
2016-01-21,20.34,20.48,19.95,20.18,353102.0,0.0,1.0,19.5875293941,19.7223501471,19.2119572966,19.4334485336,353102.0,0.00 x,0.00 x
2016-01-22,20.23,21.67,20.09,21.46,547830.0,0.0,1.0,19.4815988025,20.8683265472,19.3467780495,20.6660954178,547830.0,0.00 x,0.00 x
2016-01-25,21.33,21.8,20.91,20.97,243351.0,0.0,1.0,20.5409047186,20.9935172464,20.1364424597,20.1942227824,243351.0,0.00 x,0.00 x
2016-01-26,21.14,21.99,20.7,21.75,443656.0,0.0,1.0,20.3579336967,21.1764882682,19.9342113303,20.9453669775,443656.0,0.00 x,0.00 x
2016-01-27,21.7,21.91,21.4,21.5,366773.0,0.0,1.0,20.8972167085,21.099447838,20.6083150951,20.7046156329,366773.0,0.00 x,0.00 x
2016-01-28,21.86,21.975,21.21,21.25,391814.0,0.0,1.0,21.0512975691,21.1620431876,20.4253440732,20.4638642883,391814.0,0.00 x,0.00 x
2016-01-29,21.43,21.87,21.34,21.52,847194.0,0.0,1.0,20.6372052564,21.0609276229,20.5505347724,20.7238757405,847194.0,0.00 x,0.00 x
2016-02-01,21.66,21.85,21.37,21.78,810875.0,0.0,1.0,20.8586964934,21.0416675153,20.5794249337,20.9742571388,810875.0,0.00 x,0.00 x
2016-02-02,21.7,21.97,21.47,21.65,505543.0,0.0,1.0,20.8972167085,21.1572281607,20.6757254715,20.8490664396,505543.0,0.00 x,0.00 x
2016-02-03,21.74,22.25,21.42,21.96,700188.0,0.0,1.0,20.9357369237,21.4268696666,20.6275752026,21.1475981069,700188.0,0.00 x,0.00 x
2016-02-04,21.84,22.31,21.84,22.03,2089801.0,0.0,1.0,21.0320374615,21.4846499893,21.0320374615,21.2150084834,2089801.0,0.00 x,0.00 x
2016-02-05,22.02,22.035,21.1,21.24,882558.0,0.0,1.0,21.2053784296,21.2198235103,20.3194134816,20.4542342345,882558.0,0.00 x,0.00 x
2016-02-08,21.24,21.24,19.98,20.6,774771.0,0.0,1.0,20.4542342345,20.4542342345,19.2408474579,19.8379107924,774771.0,0.00 x,0.00 x
2016-02-09,20.37,20.6,20.2,20.33,786664.0,0.0,1.0,19.6164195554,19.8379107924,19.4527086411,19.5778993403,786664.0,0.00 x,0.00 x
2016-02-10,20.4,21.67,20.4,21.02,811517.0,0.0,1.0,19.6453097168,20.8683265472,19.6453097168,20.2423730513,811517.0,0.00 x,0.00 x
2016-02-11,20.77,21.2,20.3,20.51,985008.0,0.0,1.0,20.0016217068,20.4157140194,19.549009179,19.7512403084,985008.0,0.00 x,0.00 x
2016-02-12,20.71,21.24,20.68,21.0,387082.0,0.0,1.0,19.9438413841,20.4542342345,19.9149512227,20.2231129438,387082.0,0.00 x,0.00 x
2016-02-16,21.18,21.6,21.1,21.55,416372.0,0.0,1.0,20.3964539118,20.8009161707,20.3194134816,20.7527659018,416372.0,0.00 x,0.00 x
2016-02-17,21.68,22.405,21.62,22.02,473460.0,0.0,1.0,20.877956601,21.5761355002,20.8201762783,21.2053784296,473460.0,0.00 x,0.00 x
2016-02-18,22.03,22.64,21.737,22.5,412650.0,0.0,1.0,21.2150084834,21.8024417641,20.9328479075,21.6676210112,412650.0,0.00 x,0.00 x
2016-02-19,22.35,22.645,22.15,22.2,288796.0,0.0,1.0,21.5231702044,21.807256791,21.3305691288,21.3787193977,288796.0,0.00 x,0.00 x
2016-02-22,22.33,22.49,22.11,22.12,244111.0,0.0,1.0,21.5039100969,21.6579909574,21.2920489136,21.3016789674,244111.0,0.00 x,0.00 x
2016-02-23,22.08,22.365,21.81,21.85,230696.0,0.0,1.0,21.2631587523,21.5376152851,21.0031473002,21.0416675153,230696.0,0.00 x,0.00 x
2016-02-24,21.66,21.91,21.54,21.78,270740.0,0.0,1.0,20.8586964934,21.099447838,20.743135848,20.9742571388,270740.0,0.00 x,0.00 x
2016-02-25,22.11,22.595,22.08,22.38,323185.0,0.0,1.0,21.2920489136,21.7591065221,21.2631587523,21.5520603658,323185.0,0.00 x,0.00 x
2016-02-26,22.45,22.6,22.24,22.24,426769.0,0.0,1.0,21.6194707423,21.763921549,21.4172396128,21.4172396128,426769.0,0.00 x,0.00 x
2016-02-29,22.96,23.23,21.91,21.96,650140.0,0.0,1.0,22.1106034852,22.3706149373,21.099447838,21.1475981069,650140.0,0.00 x,0.00 x
2016-03-01,22.14,22.37,21.86,22.23,276831.0,0.0,1.0,21.320939075,21.542430312,21.0512975691,21.407609559,276831.0,0.00 x,0.00 x
2016-03-02,22.22,22.43,22.16,22.38,535457.0,0.0,1.0,21.3979795052,21.6002106347,21.3401991826,21.5520603658,535457.0,0.00 x,0.00 x
2016-03-03,22.46,22.775,22.26,22.68,359096.0,0.0,1.0,21.629100796,21.9324474902,21.4364997204,21.8409619793,359096.0,0.00 x,0.00 x
2016-03-04,22.61,22.86,22.355,22.68,528896.0,0.0,1.0,21.7735516028,22.0143029473,21.5279852313,21.8409619793,528896.0,0.00 x,0.00 x
2016-03-07,22.56,22.7275,22.45,22.55,412893.0,0.0,1.0,21.7254013339,21.8867047347,21.6194707423,21.7157712801,412893.0,0.00 x,0.00 x
2016-03-08,22.46,22.65,22.23,22.53,395783.0,0.0,1.0,21.629100796,21.8120718179,21.407609559,21.6965111725,395783.0,0.00 x,0.00 x
2016-03-09,22.53,22.785,22.26,22.67,316322.0,0.0,1.0,21.6965111725,21.942077544,21.4364997204,21.8313319255,316322.0,0.00 x,0.00 x
2016-03-10,22.82,23.19,22.7,22.81,630371.0,0.0,1.0,21.9757827322,22.3320947222,21.8602220868,21.9661526784,630371.0,0.00 x,0.00 x
2016-03-11,23.0,23.78,22.97,23.73,336670.0,0.0,1.0,22.1491237003,22.9002678954,22.120233539,22.8521176264,336670.0,0.00 x,0.00 x
2016-03-14,23.6,24.0,23.59,23.89,517243.0,0.0,1.0,22.7269269273,23.1121290786,22.7172968735,23.006198487,517243.0,0.00 x,0.00 x
2016-03-15,23.7,23.91,23.58,23.73,441485.0,0.0,1.0,22.8232274651,23.0254585945,22.7076668197,22.8521176264,441485.0,0.00 x,0.00 x
2016-03-16,23.68,24.3699,23.54,24.33,406633.0,0.0,1.0,22.8039673575,23.468344768,22.6691466046,23.4299208534,406633.0,0.00 x,0.00 x
2016-03-17,24.27,24.915,24.1,24.83,600495.0,0.0,1.0,23.3721405307,23.9932789997,23.2084296164,23.9114235425,600495.0,0.00 x,0.00 x
2016-03-18,25.0,25.11,24.625,24.75,1341637.0,0.0,1.0,24.0751344569,24.1810650485,23.71400744,23.8343831123,1341637.0,0.00 x,0.00 x
2016-03-21,24.64,24.88,24.4701,24.72,468842.0,0.0,1.0,23.7284525207,23.9595738115,23.5648379069,23.8054929509,468842.0,0.00 x,0.00 x
2016-03-22,24.51,24.83,24.445,24.59,225261.0,0.0,1.0,23.6032618215,23.9114235425,23.5406664719,23.6803022518,225261.0,0.00 x,0.00 x
2016-03-23,24.45,24.53,24.11,24.11,265648.0,0.0,1.0,23.5454814988,23.6225219291,23.2180596702,23.2180596702,265648.0,0.00 x,0.00 x
2016-03-24,24.02,24.17,23.92,24.15,260211.0,0.0,1.0,23.1313891861,23.2758399929,23.0350886483,23.2565798853,260211.0,0.00 x,0.00 x
2016-03-28,24.28,24.67,24.14,24.53,239298.0,0.0,1.0,23.3817705845,23.757342682,23.2469498315,23.6225219291,239298.0,0.00 x,0.00 x
2016-03-29,24.23,25.09,24.19,24.99,574932.0,0.22,1.0,23.5390383416,24.374513908,23.5001790129,24.2773655863,574932.0,0.00 x,0.00 x
2016-03-30,25.06,25.11,24.86,24.88,257168.0,0.0,1.0,24.3453694115,24.3939435723,24.1510727681,24.1705024324,257168.0,0.00 x,0.00 x
2016-03-31,24.81,24.98,24.73,24.75,546572.0,0.0,1.0,24.1024986073,24.2676507541,24.0247799499,24.0442096143,546572.0,0.00 x,0.00 x
2016-04-01,24.62,24.75,24.46,24.61,331508.0,0.0,1.0,23.9179167961,24.0442096143,23.7624794814,23.9082019639,331508.0,0.00 x,0.00 x
2016-04-04,24.69,24.97,24.57,24.58,200422.0,0.0,1.0,23.9859206213,24.257935922,23.8693426353,23.8790574674,200422.0,0.00 x,0.00 x
2016-04-05,24.4,24.62,24.38,24.52,282910.0,0.0,1.0,23.7041904884,23.9179167961,23.6847608241,23.8207684744,282910.0,0.00 x,0.00 x
2016-04-06,24.54,24.88,24.52,24.75,326178.0,0.0,1.0,23.8401981388,24.1705024324,23.8207684744,24.0442096143,326178.0,0.00 x,0.00 x
2016-04-07,24.54,24.69,24.51,24.64,366228.0,0.0,1.0,23.8401981388,23.9859206213,23.8110536423,23.9373464604,366228.0,0.00 x,0.00 x
2016-04-08,24.73,24.95,24.4303,24.51,238354.0,0.0,1.0,24.0247799499,24.2385062576,23.7336264299,23.8110536423,238354.0,0.00 x,0.00 x
2016-04-11,24.6,24.81,24.45,24.6,263817.0,0.0,1.0,23.8984871318,24.1024986073,23.7527646492,23.8984871318,263817.0,0.00 x,0.00 x
2016-04-12,24.67,24.9899,24.575,24.8,262245.0,0.0,1.0,23.9664909569,24.277268438,23.8742000513,24.0927837751,262245.0,0.00 x,0.00 x
2016-04-13,24.97,25.05,24.65,25.0,274582.0,0.0,1.0,24.257935922,24.3356545793,23.9470612926,24.2870804185,274582.0,0.00 x,0.00 x
2016-04-14,24.92,25.03,24.73,24.91,443848.0,0.0,1.0,24.2093617611,24.316224915,24.0247799499,24.1996469289,443848.0,0.00 x,0.00 x
2016-04-15,24.83,25.16,24.735,24.99,495043.0,0.0,1.0,24.1219282716,24.4425177331,24.029637366,24.2773655863,495043.0,0.00 x,0.00 x
2016-04-18,24.97,25.38,24.95,25.21,357160.0,0.0,1.0,24.257935922,24.6562440408,24.2385062576,24.491091894,357160.0,0.00 x,0.00 x
2016-04-19,25.24,25.4,25.035,25.1,352862.0,0.0,1.0,24.5202363905,24.6756737052,24.321082331,24.3842287401,352862.0,0.00 x,0.00 x
2016-04-20,25.15,25.21,25.0,25.11,263683.0,0.0,1.0,24.432802901,24.491091894,24.2870804185,24.3939435723,263683.0,0.00 x,0.00 x
2016-04-21,25.18,25.18,24.42,24.5,372562.0,0.0,1.0,24.4619473975,24.4619473975,23.7236201527,23.8013388101,372562.0,0.00 x,0.00 x
2016-04-22,24.46,24.59,24.23,24.49,390559.0,0.0,1.0,23.7624794814,23.8887722996,23.5390383416,23.7916239779,390559.0,0.00 x,0.00 x
2016-04-25,24.42,24.49,24.22,24.41,206358.0,0.0,1.0,23.7236201527,23.7916239779,23.5293235094,23.7139053206,206358.0,0.00 x,0.00 x
2016-04-26,24.48,24.73,24.41,24.53,182133.0,0.0,1.0,23.7819091458,24.0247799499,23.7139053206,23.8304833066,182133.0,0.00 x,0.00 x
2016-04-27,24.46,24.68,24.3,24.55,300540.0,0.0,1.0,23.7624794814,23.9762057891,23.6070421667,23.8499129709,300540.0,0.00 x,0.00 x
2016-04-28,24.42,24.75,24.42,24.54,229322.0,0.0,1.0,23.7236201527,24.0442096143,23.7236201527,23.8401981388,229322.0,0.00 x,0.00 x
2016-04-29,24.37,24.63,24.24,24.37,274256.0,0.0,1.0,23.6750459919,23.9276316283,23.5487531737,23.6750459919,274256.0,0.00 x,0.00 x
2016-05-02,24.38,24.86,24.245,24.76,182912.0,0.0,1.0,23.6847608241,24.1510727681,23.5536105898,24.0539244464,182912.0,0.00 x,0.00 x
2016-05-03,24.58,24.62,24.25,24.52,159946.0,0.0,1.0,23.8790574674,23.9179167961,23.5584680059,23.8207684744,159946.0,0.00 x,0.00 x
2016-05-04,24.52,24.75,24.25,24.68,250668.0,0.0,1.0,23.8207684744,24.0442096143,23.5584680059,23.9762057891,250668.0,0.00 x,0.00 x
2016-05-05,24.66,25.18,24.6,25.1,459700.0,0.0,1.0,23.9567761248,24.4619473975,23.8984871318,24.3842287401,459700.0,0.00 x,0.00 x
2016-05-06,25.03,25.84,24.98,25.77,304301.0,0.0,1.0,24.316224915,25.1031263205,24.2676507541,25.0351224953,304301.0,0.00 x,0.00 x
2016-05-09,26.0,26.78,25.63,26.61,544546.0,0.0,1.0,25.2585636352,26.0163205442,24.899114845,25.8511683974,544546.0,0.00 x,0.00 x
2016-05-10,26.38,26.58,25.9,26.05,535648.0,0.0,1.0,25.6277272576,25.8220239009,25.1614153135,25.307137796,535648.0,0.00 x,0.00 x
2016-05-11,25.99,26.11,25.31,25.36,249273.0,0.0,1.0,25.248848803,25.365426789,24.5882402156,24.6368143765,249273.0,0.00 x,0.00 x
2016-05-12,25.47,25.53,25.01,25.44,365802.0,0.0,1.0,24.7436775303,24.8019665233,24.2967952506,24.7145330338,365802.0,0.00 x,0.00 x
2016-05-13,25.38,25.55,25.13,25.5,323864.0,0.0,1.0,24.6562440408,24.8213961877,24.4133732366,24.7728220268,323864.0,0.00 x,0.00 x
2016-05-16,25.42,25.85,25.42,25.82,290965.0,0.0,1.0,24.6951033695,25.1128411527,24.6951033695,25.0836966562,290965.0,0.00 x,0.00 x
2016-05-17,25.77,25.77,25.17,25.38,232336.0,0.0,1.0,25.0351224953,25.0351224953,24.4522325653,24.6562440408,232336.0,0.00 x,0.00 x
2016-05-18,25.32,25.52,25.11,25.38,232288.0,0.0,1.0,24.5979550478,24.7922516912,24.3939435723,24.6562440408,232288.0,0.00 x,0.00 x
2016-05-19,25.24,25.49,24.86,25.38,374701.0,0.0,1.0,24.5202363905,24.7631071947,24.1510727681,24.6562440408,374701.0,0.00 x,0.00 x
2016-05-20,25.48,26.32,25.36,26.29,586548.0,0.0,1.0,24.7533923625,25.5694382646,24.6368143765,25.540293768,586548.0,0.00 x,0.00 x
2016-05-23,26.2,26.63,26.2,26.58,489724.0,0.0,1.0,25.4528602785,25.8705980617,25.4528602785,25.8220239009,489724.0,0.00 x,0.00 x
2016-05-24,26.67,27.36,26.35,27.31,615640.0,0.0,1.0,25.9094573904,26.57978081,25.5985827611,26.5312066491,615640.0,0.00 x,0.00 x
2016-05-25,26.9,27.09,26.54,26.86,626231.0,0.0,1.0,26.1328985303,26.3174803414,25.7831645722,26.0940392016,626231.0,0.00 x,0.00 x
2016-05-26,26.9,27.2,26.89,27.12,190593.0,0.0,1.0,26.1328985303,26.4243434953,26.1231836981,26.3466248379,190593.0,0.00 x,0.00 x
2016-05-27,27.16,27.51,27.08,27.32,248928.0,0.0,1.0,26.3854841666,26.7255032925,26.3077655093,26.5409214813,248928.0,0.00 x,0.00 x
2016-05-31,27.32,27.49,27.1,27.22,250454.0,0.0,1.0,26.5409214813,26.7060736281,26.3271951736,26.4437731596,250454.0,0.00 x,0.00 x
2016-06-01,27.07,27.51,27.0,27.5,366357.0,0.0,1.0,26.2980506771,26.7255032925,26.2300468519,26.7157884603,366357.0,0.00 x,0.00 x
2016-06-02,27.36,27.93,27.32,27.92,327619.0,0.0,1.0,26.57978081,27.1335262435,26.5409214813,27.1238114113,327619.0,0.00 x,0.00 x
2016-06-03,28.2,28.2,27.4,27.82,420589.0,0.0,1.0,27.395826712,27.395826712,26.6186401386,27.0266630897,420589.0,0.00 x,0.00 x
2016-06-06,27.76,27.87,27.04,27.44,758025.0,0.0,1.0,26.9683740967,27.0752372505,26.2689061806,26.6574994673,758025.0,0.00 x,0.00 x
2016-06-07,27.45,27.79,27.31,27.58,1285818.0,0.0,1.0,26.6672142995,26.9975185932,26.5312066491,26.7935071176,1285818.0,0.00 x,0.00 x
2016-06-08,27.58,28.1,27.39,28.06,507426.0,0.0,1.0,26.7935071176,27.2986783903,26.6089253065,27.2598190617,507426.0,0.00 x,0.00 x
2016-06-09,28.0,28.38,27.85,28.24,543093.0,0.0,1.0,27.2015300687,27.570693691,27.0558075862,27.4346860407,543093.0,0.00 x,0.00 x
2016-06-10,28.02,28.78,28.015,28.5,657783.0,0.0,1.0,27.220959733,27.9592869777,27.2161023169,27.687271677,657783.0,0.00 x,0.00 x
2016-06-13,28.68,29.38,28.68,28.94,2109147.0,0.0,1.0,27.8621386561,28.5421769078,27.8621386561,28.1147242924,2109147.0,0.00 x,0.00 x
2016-06-14,29.13,29.2,28.88,29.04,1426188.0,0.0,1.0,28.2993061036,28.3673099288,28.0564352994,28.2118726141,1426188.0,0.00 x,0.00 x
2016-06-15,29.03,29.36,28.92,29.33,1054787.0,0.0,1.0,28.2021577819,28.5227472434,28.0952946281,28.4936027469,1054787.0,0.00 x,0.00 x
2016-06-16,29.36,29.875,29.18,29.79,1127801.0,0.0,1.0,28.5227472434,29.0230611001,28.3478802644,28.9404850266,1127801.0,0.00 x,0.00 x
2016-06-17,29.94,30.0,29.6,29.75,2338590.0,0.0,1.0,29.0862075091,29.1444965021,28.7559032155,28.901625698,2338590.0,0.00 x,0.00 x
2016-06-20,29.87,30.15,29.495,29.56,621731.0,0.0,1.0,29.018203684,29.2902189847,28.6538974777,28.7170438868,621731.0,0.00 x,0.00 x
2016-06-21,29.68,30.0311,29.51,29.85,759589.0,0.0,1.0,28.8336218728,29.1747096302,28.6684697259,28.9987740196,759589.0,0.00 x,0.00 x
2016-06-22,29.94,30.1,29.62,29.63,536383.0,0.0,1.0,29.0862075091,29.2416448238,28.7753328798,28.785047712,536383.0,0.00 x,0.00 x
2016-06-23,29.77,30.22,29.52,30.15,861020.0,0.0,1.0,28.9210553623,29.3582228098,28.6781845581,29.2902189847,861020.0,0.00 x,0.00 x
2016-06-24,29.33,30.49,29.18,30.11,3855320.0,0.0,1.0,28.4936027469,29.6205232783,28.3478802644,29.251359656,3855320.0,0.00 x,0.00 x
2016-06-27,29.84,30.02,29.14,29.43,1181411.0,0.0,1.0,28.9890591875,29.1639261665,28.3090209358,28.5907510686,1181411.0,0.00 x,0.00 x
2016-06-28,29.46,30.45,29.31,30.17,684040.0,0.22,1.0,28.8285921851,29.7973737962,28.6818070925,29.5233749567,684040.0,0.00 x,0.00 x
2016-06-29,30.33,30.54,29.99,30.01,893908.0,0.0,1.0,29.6799457221,29.8854448517,29.3472328456,29.3668041912,893908.0,0.00 x,0.00 x
2016-06-30,30.22,30.43,29.87,30.42,964332.0,0.0,1.0,29.5723033209,29.7778024505,29.2298047715,29.7680167777,964332.0,0.00 x,0.00 x
2016-07-01,30.36,30.95,30.26,30.79,568779.0,0.0,1.0,29.7093027406,30.2866574382,29.6114460122,30.1300866727,568779.0,0.00 x,0.00 x
2016-07-05,30.64,31.18,30.59,31.02,640308.0,0.0,1.0,29.9833015801,30.5117279135,29.9343732159,30.355157148,640308.0,0.00 x,0.00 x
2016-07-06,30.98,31.1,30.82,31.0,273090.0,0.0,1.0,30.3160144567,30.4334425307,30.1594436912,30.3355858024,273090.0,0.00 x,0.00 x
2016-07-07,30.96,31.09,30.64,30.69,597194.0,0.0,1.0,30.296443111,30.4236568579,29.9833015801,30.0322299443,597194.0,0.00 x,0.00 x
2016-07-08,30.91,31.68,30.8,31.53,1124051.0,0.0,1.0,30.2475147468,31.0010115554,30.1398723456,30.8542264628,1124051.0,0.00 x,0.00 x
2016-07-11,31.53,31.77,31.19,31.69,366011.0,0.0,1.0,30.8542264628,31.089082611,30.5215135863,31.0107972283,366011.0,0.00 x,0.00 x
2016-07-12,31.52,31.89,31.52,31.85,758729.0,0.0,1.0,30.84444079,31.2065106851,30.84444079,31.1673679937,758729.0,0.00 x,0.00 x
2016-07-13,32.0,32.13,31.57,32.05,524349.0,0.0,1.0,31.3141530863,31.4413668332,30.8933691542,31.3630814505,524349.0,0.00 x,0.00 x
2016-07-14,32.02,32.255,31.91,31.94,287774.0,0.0,1.0,31.333724432,31.5636877437,31.2260820307,31.2554390493,287774.0,0.00 x,0.00 x
2016-07-15,31.96,32.11,31.63,31.99,389249.0,0.0,1.0,31.2750103949,31.4217954875,30.9520831912,31.3043674135,389249.0,0.00 x,0.00 x
2016-07-18,31.99,32.41,31.9,32.03,276585.0,0.0,1.0,31.3043674135,31.7153656727,31.2162963579,31.3435101048,276585.0,0.00 x,0.00 x
2016-07-19,31.9,31.9,31.0,31.55,633912.0,0.0,1.0,31.2162963579,31.2162963579,30.3355858024,30.8737978085,633912.0,0.00 x,0.00 x
2016-07-20,31.6,31.86,31.35,31.5,467483.0,0.0,1.0,30.9227261727,31.1771536665,30.6780843517,30.8248694443,467483.0,0.00 x,0.00 x
2016-07-21,31.35,31.7,31.17,31.36,1357842.0,0.0,1.0,30.6780843517,31.0205829011,30.5019422406,30.6878700246,1357842.0,0.00 x,0.00 x
2016-07-22,31.38,31.74,31.3,31.66,661089.0,0.0,1.0,30.7074413703,31.0597255925,30.6291559875,30.9814402098,661089.0,0.00 x,0.00 x
2016-07-25,31.66,32.2,31.51,32.13,399608.0,0.0,1.0,30.9814402098,31.5098665431,30.8346551172,31.4413668332,399608.0,0.00 x,0.00 x
2016-07-26,32.08,32.08,31.69,31.75,741423.0,0.0,1.0,31.392438469,31.392438469,31.0107972283,31.0695112653,741423.0,0.00 x,0.00 x
2016-07-27,31.64,31.91,31.295,31.62,807127.0,0.0,1.0,30.9618688641,31.2260820307,30.6242631511,30.9422975184,807127.0,0.00 x,0.00 x
2016-07-28,31.53,32.05,31.42,31.83,450064.0,0.0,1.0,30.8542264628,31.3630814505,30.7465840616,31.147796648,450064.0,0.00 x,0.00 x
2016-07-29,31.77,32.78,31.71,32.76,1635709.0,0.0,1.0,31.089082611,32.0774355678,31.030368574,32.0578642221,1635709.0,0.00 x,0.00 x
2016-08-01,32.77,32.91,32.43,32.72,421778.0,0.0,1.0,32.0676498949,32.2046493147,31.7349370184,32.0187215307,421778.0,0.00 x,0.00 x
2016-08-02,32.76,33.09,32.3,32.31,754907.0,0.0,1.0,32.0578642221,32.3807914258,31.6077232715,31.6175089443,754907.0,0.00 x,0.00 x
2016-08-03,32.24,32.49,32.0,32.31,763418.0,0.0,1.0,31.5490092344,31.7936510554,31.3141530863,31.6175089443,763418.0,0.00 x,0.00 x
2016-08-04,32.39,32.49,32.17,32.36,475600.0,0.0,1.0,31.695794327,31.7936510554,31.4805095246,31.6664373085,475600.0,0.00 x,0.00 x
2016-08-05,32.43,33.03,32.3,32.85,547067.0,0.0,1.0,31.7349370184,32.3220773888,31.6077232715,32.1459352777,547067.0,0.00 x,0.00 x
2016-08-08,32.8,33.09,32.71,32.89,730185.0,0.0,1.0,32.0970069135,32.3807914258,32.0089358579,32.185077969,730185.0,0.00 x,0.00 x
2016-08-09,31.84,32.99,30.8248,32.65,687566.0,0.0,1.0,31.1575823209,32.2829346974,30.1641408142,31.9502218209,687566.0,0.00 x,0.00 x
2016-08-10,32.78,32.955,32.52,32.78,384889.0,0.0,1.0,32.0774355678,32.2486848425,31.8230080739,32.0774355678,384889.0,0.00 x,0.00 x
2016-08-11,32.78,32.8,32.21,32.59,410121.0,0.0,1.0,32.0774355678,32.0970069135,31.5196522159,31.8915077838,410121.0,0.00 x,0.00 x
2016-08-12,32.56,32.8,32.17,32.19,748939.0,0.0,1.0,31.8621507653,32.0970069135,31.4805095246,31.5000808702,748939.0,0.00 x,0.00 x
2016-08-15,32.14,32.48,32.14,32.35,439218.0,0.0,1.0,31.451152506,31.7838653826,31.451152506,31.6566516357,439218.0,0.00 x,0.00 x
2016-08-16,32.24,32.24,31.82,31.99,276094.0,0.0,1.0,31.5490092344,31.5490092344,31.1380109752,31.3043674135,276094.0,0.00 x,0.00 x
2016-08-17,32.0,32.21,31.76,32.0,403570.0,0.0,1.0,31.3141530863,31.5196522159,31.0792969382,31.3141530863,403570.0,0.00 x,0.00 x
2016-08-18,32.06,32.16,31.7399,31.86,426226.0,0.0,1.0,31.3728671233,31.4707238517,31.0596277357,31.1771536665,426226.0,0.00 x,0.00 x
2016-08-19,31.76,31.87,31.35,31.43,517225.0,0.0,1.0,31.0792969382,31.1869393394,30.6780843517,30.7563697344,517225.0,0.00 x,0.00 x
2016-08-22,31.51,31.51,31.14,31.19,425029.0,0.0,1.0,30.8346551172,30.8346551172,30.4725852221,30.5215135863,425029.0,0.00 x,0.00 x
2016-08-23,31.27,31.33,31.0,31.07,507069.0,0.0,1.0,30.599798969,30.6585130061,30.3355858024,30.4040855122,507069.0,0.00 x,0.00 x
2016-08-24,30.99,31.02,30.72,30.89,294819.0,0.0,1.0,30.3258001295,30.355157148,30.0615869628,30.2279434011,294819.0,0.00 x,0.00 x
2016-08-25,30.9,31.1475,30.76,30.83,402411.0,0.0,1.0,30.237729074,30.4799244767,30.1007296542,30.1692293641,402411.0,0.00 x,0.00 x
2016-08-26,30.72,30.9811,30.35,30.52,378788.0,0.0,1.0,30.0615869628,30.3170908807,29.6995170678,29.8658735061,378788.0,0.00 x,0.00 x
2016-08-29,30.26,30.76,30.26,30.5,386637.0,0.0,1.0,29.6114460122,30.1007296542,29.6114460122,29.8463021604,386637.0,0.00 x,0.00 x
2016-08-30,30.31,30.54,30.14,30.52,873167.0,0.0,1.0,29.6603743764,29.8854448517,29.4940179382,29.8658735061,873167.0,0.00 x,0.00 x
2016-08-31,30.62,31.22,30.31,31.0,1530556.0,0.0,1.0,29.9637302345,30.5508706048,29.6603743764,30.3355858024,1530556.0,0.00 x,0.00 x
2016-09-01,31.01,31.21,30.56,31.15,603507.0,0.0,1.0,30.3453714752,30.541084932,29.9050161974,30.4823708949,603507.0,0.00 x,0.00 x
2016-09-02,31.35,31.58,31.1,31.3,348342.0,0.0,1.0,30.6780843517,30.903154827,30.4334425307,30.6291559875,348342.0,0.00 x,0.00 x
2016-09-06,31.35,31.55,30.96,31.06,776603.0,0.0,1.0,30.6780843517,30.8737978085,30.296443111,30.3942998394,776603.0,0.00 x,0.00 x
2016-09-07,30.99,31.22,30.9,31.09,511956.0,0.0,1.0,30.3258001295,30.5508706048,30.237729074,30.4236568579,511956.0,0.00 x,0.00 x
2016-09-08,30.99,31.21,30.84,30.93,605029.0,0.0,1.0,30.3258001295,30.541084932,30.1790150369,30.2670860925,605029.0,0.00 x,0.00 x
2016-09-09,30.63,30.765,29.78,29.78,611050.0,0.0,1.0,29.9735159073,30.1056224906,29.1417337159,29.1417337159,611050.0,0.00 x,0.00 x
2016-09-12,29.78,30.36,29.78,30.31,401635.0,0.0,1.0,29.1417337159,29.7093027406,29.1417337159,29.6603743764,401635.0,0.00 x,0.00 x
2016-09-13,30.1,30.23,29.77,29.84,513567.0,0.0,1.0,29.4548752468,29.5820889937,29.1319480431,29.200447753,513567.0,0.00 x,0.00 x
2016-09-14,30.13,30.5,29.86,29.9,366788.0,0.0,1.0,29.4842322653,29.8463021604,29.2200190987,29.25916179,366788.0,0.00 x,0.00 x
2016-09-15,29.9,30.4,29.72,30.3,374776.0,0.0,1.0,29.25916179,29.748445432,29.0830196789,29.6505887036,374776.0,0.00 x,0.00 x
2016-09-16,30.28,30.4,30.1,30.28,1225217.0,0.0,1.0,29.6310173579,29.748445432,29.4548752468,29.6310173579,1225217.0,0.00 x,0.00 x
2016-09-19,30.27,30.48,30.22,30.45,304524.0,0.0,1.0,29.6212316851,29.8267308147,29.5723033209,29.7973737962,304524.0,0.00 x,0.00 x
2016-09-20,30.52,30.695,30.3,30.31,571261.0,0.0,1.0,29.8658735061,30.0371227807,29.6505887036,29.6603743764,571261.0,0.00 x,0.00 x
2016-09-21,30.31,30.78,29.95,30.71,262882.0,0.0,1.0,29.6603743764,30.1203009999,29.3080901542,30.05180129,262882.0,0.00 x,0.00 x
2016-09-22,30.72,31.18,30.72,31.17,466339.0,0.0,1.0,30.0615869628,30.5117279135,30.0615869628,30.5019422406,466339.0,0.00 x,0.00 x
2016-09-23,31.07,31.11,30.77,30.85,226422.0,0.0,1.0,30.4040855122,30.4432282036,30.110515327,30.1888007098,226422.0,0.00 x,0.00 x
2016-09-26,31.17,31.17,30.51,30.52,256388.0,0.0,1.0,30.5019422406,30.5019422406,29.8560878332,29.8658735061,256388.0,0.00 x,0.00 x
2016-09-27,30.59,30.595,30.13,30.15,554937.0,0.0,1.0,29.9343732159,29.9392660524,29.4842322653,29.503803611,554937.0,0.00 x,0.00 x
2016-09-28,30.0,30.0,29.29,29.4,1107392.0,0.22,1.0,29.5766968883,29.5766968883,28.8767150619,28.9851629505,1107392.0,0.00 x,0.00 x
2016-09-29,29.35,29.355,28.86,29.0,873034.0,0.0,1.0,28.9358684557,28.9407979052,28.4527824065,28.590806992,873034.0,0.00 x,0.00 x
2016-09-30,28.99,29.16,28.64,28.7,684517.0,0.0,1.0,28.580948093,28.7485493754,28.2358866293,28.2950400231,684517.0,0.00 x,0.00 x
2016-10-03,28.7,28.92,28.5,28.89,587295.0,0.0,1.0,28.2950400231,28.5119358003,28.0978620439,28.4823591034,587295.0,0.00 x,0.00 x
2016-10-04,28.77,28.93,28.55,28.66,684097.0,0.0,1.0,28.3640523159,28.5217946993,28.1471565387,28.2556044273,684097.0,0.00 x,0.00 x
2016-10-05,28.66,28.775,28.2,28.39,908964.0,0.0,1.0,28.2556044273,28.3689817653,27.802095075,27.9894141553,908964.0,0.00 x,0.00 x
2016-10-06,27.52,28.4001,26.74,28.36,1918143.0,0.0,1.0,27.1316899455,27.9993716432,26.3626958264,27.9598374584,1918143.0,0.00 x,0.00 x
2016-10-07,28.09,28.24,27.65,27.92,1088523.0,0.0,1.0,27.6936471864,27.8415306708,27.259855632,27.526045904,1088523.0,0.00 x,0.00 x
2016-10-10,27.7,28.04,27.39,27.51,1115996.0,0.0,1.0,27.3091501268,27.6443526916,27.003524259,27.1218310465,1115996.0,0.00 x,0.00 x
2016-10-11,27.5,27.515,27.025,27.15,1521472.0,0.0,1.0,27.1119721476,27.126760496,26.6436744468,26.7669106839,1521472.0,0.00 x,0.00 x
2016-10-12,26.88,27.67,26.76,27.58,1414321.0,0.0,1.0,26.5007204119,27.2795734299,26.3824136243,27.1908433393,1414321.0,0.00 x,0.00 x
2016-10-13,27.5,28.13,27.34,27.95,1350813.0,0.0,1.0,27.1119721476,27.7330827822,26.9542297642,27.5556226009,1350813.0,0.00 x,0.00 x
2016-10-14,28.0,28.08,27.51,27.6,694114.0,0.0,1.0,27.6049170957,27.6837882874,27.1218310465,27.2105611372,694114.0,0.00 x,0.00 x
2016-10-17,27.6,27.95,27.48,27.83,913220.0,0.0,1.0,27.2105611372,27.5556226009,27.0922543497,27.4373158134,913220.0,0.00 x,0.00 x
2016-10-18,28.12,28.22,27.98,28.05,886059.0,0.0,1.0,27.7232238833,27.8218128729,27.5851992978,27.6542115905,886059.0,0.00 x,0.00 x
2016-10-19,28.16,28.25,27.85,28.07,745980.0,0.0,1.0,27.7626594791,27.8513895698,27.4570336113,27.6739293885,745980.0,0.00 x,0.00 x
2016-10-20,28.0,28.32,27.95,28.15,509449.0,0.0,1.0,27.6049170957,27.9204018625,27.5556226009,27.7528005802,509449.0,0.00 x,0.00 x
2016-10-21,27.97,28.5,27.97,28.5,703139.0,0.0,1.0,27.5753403988,28.0978620439,27.5753403988,28.0978620439,703139.0,0.00 x,0.00 x
2016-10-24,28.72,29.33,28.63,29.19,1369489.0,0.0,1.0,28.314757821,28.9161506578,28.2260277304,28.7781260723,1369489.0,0.00 x,0.00 x
2016-10-25,29.08,29.23,28.94,29.2,835867.0,0.0,1.0,28.6696781837,28.8175616681,28.5316535982,28.7879849712,835867.0,0.00 x,0.00 x
2016-10-26,29.0,29.17,28.72,29.0,693297.0,0.0,1.0,28.590806992,28.7584082744,28.314757821,28.590806992,693297.0,0.00 x,0.00 x
2016-10-27,29.1,29.1,28.49,28.58,547778.0,0.0,1.0,28.6893959816,28.6893959816,28.0880031449,28.1767332356,547778.0,0.00 x,0.00 x
2016-10-28,28.69,28.87,28.43,28.71,540901.0,0.0,1.0,28.2851811241,28.4626413055,28.0288497511,28.3048989221,540901.0,0.00 x,0.00 x
2016-10-31,28.8,29.04,28.47,29.01,1089658.0,0.0,1.0,28.3936290127,28.6302425878,28.068285347,28.600665891,1089658.0,0.00 x,0.00 x
2016-11-01,28.94,28.94,27.94,28.13,597247.0,0.0,1.0,28.5316535982,28.5316535982,27.5457637019,27.7330827822,597247.0,0.00 x,0.00 x
2016-11-02,28.21,28.2453,27.87,28.09,542942.0,0.0,1.0,27.8119539739,27.8467558873,27.4767514092,27.6936471864,542942.0,0.00 x,0.00 x
2016-11-03,28.19,28.49,27.94,28.39,640267.0,0.0,1.0,27.792236176,28.0880031449,27.5457637019,27.9894141553,640267.0,0.00 x,0.00 x
2016-11-04,28.3,29.48,28.22,29.44,1817743.0,0.0,1.0,27.9006840646,29.0640341422,27.8218128729,29.0245985464,1817743.0,0.00 x,0.00 x
2016-11-07,29.94,29.94,28.94,29.5,2038448.0,0.0,1.0,29.5175434945,29.5175434945,28.5316535982,29.0837519401,2038448.0,0.00 x,0.00 x
2016-11-08,29.59,29.6,29.02,29.16,716442.0,0.0,1.0,29.1724820308,29.1823409298,28.6105247899,28.7485493754,716442.0,0.00 x,0.00 x
2016-11-09,28.77,29.25,28.54,28.93,655712.0,0.0,1.0,28.3640523159,28.8372794661,28.1372976397,28.5217946993,655712.0,0.00 x,0.00 x
2016-11-10,29.0,29.22,28.43,28.44,1077521.0,0.0,1.0,28.590806992,28.8077027692,28.0288497511,28.0387086501,1077521.0,0.00 x,0.00 x
2016-11-11,28.52,29.595,28.45,29.38,1452673.0,0.0,1.0,28.1175798418,29.1774114803,28.048567549,28.9654451526,1452673.0,0.00 x,0.00 x
2016-11-14,29.3,29.84,29.22,29.71,1784623.0,0.0,1.0,28.8865739609,29.4189545049,28.8077027692,29.2907888183,1784623.0,0.00 x,0.00 x
2016-11-15,29.9,29.9,29.51,29.79,1095337.0,0.0,1.0,29.4781078986,29.4781078986,29.0936108391,29.3696600101,1095337.0,0.00 x,0.00 x
2016-11-16,29.79,29.85,29.34,29.82,927570.0,0.0,1.0,29.3696600101,29.4288134038,28.9260095567,29.3992367069,927570.0,0.00 x,0.00 x
2016-11-17,29.82,29.9,29.6301,29.87,850473.0,0.0,1.0,29.3992367069,29.4781078986,29.2120162156,29.4485312018,850473.0,0.00 x,0.00 x
2016-11-18,29.87,30.255,29.76,29.99,1280496.0,0.0,1.0,29.4485312018,29.8280988118,29.3400833132,29.5668379893,1280496.0,0.00 x,0.00 x
2016-11-21,30.0,30.46,29.9899,30.16,647144.0,0.0,1.0,29.5766968883,30.0302062406,29.5667394003,29.7344392717,647144.0,0.00 x,0.00 x
2016-11-22,29.88,30.4,29.68,30.33,746832.0,0.0,1.0,29.4583901007,29.9710528468,29.2612121215,29.902040554,746832.0,0.00 x,0.00 x
2016-11-23,30.14,30.34,29.89,30.33,612682.0,0.0,1.0,29.7147214737,29.911899453,29.4682489997,29.902040554,612682.0,0.00 x,0.00 x
2016-11-25,30.47,30.55,30.32,30.45,372315.0,0.0,1.0,30.0400651395,30.1189363312,29.8921816551,30.0203473416,372315.0,0.00 x,0.00 x
2016-11-28,30.39,30.55,30.02,30.05,731069.0,0.0,1.0,29.9611939478,30.1189363312,29.5964146862,29.6259913831,731069.0,0.00 x,0.00 x
2016-11-29,30.13,30.56,29.98,30.11,637718.0,0.0,1.0,29.7048625748,30.1287952302,29.5569790903,29.6851447769,637718.0,0.00 x,0.00 x
2016-11-30,29.94,30.79,29.8,30.55,4070893.0,0.0,1.0,29.5175434945,30.3555499063,29.379518909,30.1189363312,4070893.0,0.00 x,0.00 x
2016-12-01,30.35,30.41,29.8,30.0,763912.0,0.0,1.0,29.921758352,29.9809117457,29.379518909,29.5766968883,763912.0,0.00 x,0.00 x
2016-12-02,30.17,30.54,29.86,29.86,566469.0,0.0,1.0,29.7442981706,30.1090774323,29.4386723028,29.4386723028,566469.0,0.00 x,0.00 x
2016-12-05,30.03,30.37,29.93,30.11,872875.0,0.0,1.0,29.6062735852,29.9414761499,29.5076845955,29.6851447769,872875.0,0.00 x,0.00 x
2016-12-06,30.03,30.2,29.86,30.02,712882.0,0.0,1.0,29.6062735852,29.7738748675,29.4386723028,29.5964146862,712882.0,0.00 x,0.00 x
2016-12-07,30.08,30.45,30.01,30.3,419437.0,0.0,1.0,29.65556808,30.0203473416,29.5865557872,29.8724638572,419437.0,0.00 x,0.00 x
2016-12-08,30.16,30.63,30.07,30.62,703317.0,0.0,1.0,29.7344392717,30.1978075229,29.645709181,30.187948624,703317.0,0.00 x,0.00 x
2016-12-09,30.66,30.75,30.32,30.35,374074.0,0.0,1.0,30.2273842198,30.3161143105,29.8921816551,29.921758352,374074.0,0.00 x,0.00 x
2016-12-12,30.32,30.43,29.57,29.65,994977.0,0.0,1.0,29.8921816551,30.0006295437,29.1527642329,29.2316354246,994977.0,0.00 x,0.00 x
2016-12-13,29.72,30.13,29.67,29.86,1181276.0,0.0,1.0,29.3006477173,29.7048625748,29.2513532225,29.4386723028,1181276.0,0.00 x,0.00 x
2016-12-14,29.84,29.87,29.21,29.25,767670.0,0.0,1.0,29.4189545049,29.4485312018,28.7978438702,28.8372794661,767670.0,0.00 x,0.00 x
2016-12-15,29.24,29.61,28.84,28.94,723018.0,0.0,1.0,28.8274205671,29.1921998287,28.4330646086,28.5316535982,723018.0,0.00 x,0.00 x
2016-12-16,29.17,29.55,28.89,29.03,2291834.0,0.0,1.0,28.7584082744,29.1330464349,28.4823591034,28.6203836889,2291834.0,0.00 x,0.00 x
2016-12-19,29.08,29.37,29.02,29.23,590002.0,0.0,1.0,28.6696781837,28.9555862536,28.6105247899,28.8175616681,590002.0,0.00 x,0.00 x
2016-12-20,29.2,29.45,29.11,29.21,806744.0,0.0,1.0,28.7879849712,29.0344574453,28.6992548806,28.7978438702,806744.0,0.00 x,0.00 x
2016-12-21,29.04,29.33,28.68,28.68,757459.0,0.0,1.0,28.6302425878,28.9161506578,28.2753222252,28.2753222252,757459.0,0.00 x,0.00 x
2016-12-22,28.7,28.805,28.26,28.45,1033125.0,0.0,1.0,28.2950400231,28.3985584622,27.8612484687,28.048567549,1033125.0,0.00 x,0.00 x
2016-12-23,28.58,28.87,28.53,28.8,595972.0,0.0,1.0,28.1767332356,28.4626413055,28.1274387407,28.3936290127,595972.0,0.00 x,0.00 x
2016-12-27,28.82,28.84,28.41,28.45,389421.0,0.0,1.0,28.4133468107,28.4330646086,28.0091319532,28.048567549,389421.0,0.00 x,0.00 x
2016-12-28,28.26,28.5,28.1,28.3,453771.0,0.22,1.0,28.0778376795,28.3162906534,27.9188690302,28.1175798418,453771.0,0.00 x,0.00 x
2016-12-29,28.23,28.57,28.23,28.56,472011.0,0.0,1.0,28.0480310577,28.3858394374,28.0480310577,28.3759038969,472011.0,0.00 x,0.00 x
2016-12-30,28.6,28.83,28.4,28.81,434079.0,0.0,1.0,28.4156460592,28.6441634925,28.2169352476,28.6242924114,434079.0,0.00 x,0.00 x
2017-01-03,28.88,29.06,28.67,28.92,434480.0,0.0,1.0,28.6938411954,28.8726809259,28.4851948432,28.7335833577,434480.0,0.00 x,0.00 x
2017-01-04,28.88,29.73,28.47,29.5,2143903.0,0.0,1.0,28.6938411954,29.5383621447,28.2864840316,29.3098447114,2143903.0,0.00 x,0.00 x
2017-01-05,29.26,29.42,29.11,29.38,1992543.0,0.0,1.0,29.0713917375,29.2303603868,28.9223586288,29.1906182244,1992543.0,0.00 x,0.00 x
2017-01-06,29.39,29.44,28.98,29.12,998000.0,0.0,1.0,29.200553765,29.2502314679,28.7931966012,28.9322941694,998000.0,0.00 x,0.00 x
2017-01-09,29.26,29.3,28.62,28.63,911716.0,0.0,1.0,29.0713917375,29.1111338998,28.4355171403,28.4454526809,911716.0,0.00 x,0.00 x
2017-01-10,28.62,28.72,28.22,28.66,706790.0,0.0,1.0,28.4355171403,28.5348725461,28.0380955171,28.4752593027,706790.0,0.00 x,0.00 x
2017-01-11,28.58,28.91,28.495,28.76,508322.0,0.0,1.0,28.395774978,28.7236478172,28.3113228831,28.5746147085,508322.0,0.00 x,0.00 x
2017-01-12,28.86,29.25,28.5,29.24,684881.0,0.0,1.0,28.6739701143,29.0614561969,28.3162906534,29.0515206563,684881.0,0.00 x,0.00 x
2017-01-13,29.03,29.44,29.03,29.42,567504.0,0.0,1.0,28.8428743041,29.2502314679,28.8428743041,29.2303603868,567504.0,0.00 x,0.00 x
2017-01-17,29.4,29.66,29.39,29.42,393106.0,0.0,1.0,29.2104893056,29.4688133607,29.200553765,29.2303603868,393106.0,0.00 x,0.00 x
2017-01-18,29.5,29.52,29.02,29.15,720313.0,0.0,1.0,29.3098447114,29.3297157926,28.8329387636,28.9621007911,720313.0,0.00 x,0.00 x
2017-01-19,29.16,29.29,29.0,29.04,652376.0,0.0,1.0,28.9720363317,29.1011983592,28.8130676824,28.8528098447,652376.0,0.00 x,0.00 x
2017-01-20,28.98,29.42,28.84,29.41,538827.0,0.0,1.0,28.7931966012,29.2303603868,28.6540990331,29.2204248462,538827.0,0.00 x,0.00 x
2017-01-23,29.44,29.88,29.28,29.79,464810.0,0.0,1.0,29.2502314679,29.6873952534,29.0912628186,29.5979753882,464810.0,0.00 x,0.00 x
2017-01-24,29.76,29.92,29.63,29.83,803044.0,0.0,1.0,29.5681687665,29.7271374158,29.4390067389,29.6377175505,803044.0,0.00 x,0.00 x
2017-01-25,29.7,30.14,29.7,30.0,855926.0,0.0,1.0,29.508555523,29.9457193085,29.508555523,29.8066217404,855926.0,0.00 x,0.00 x
2017-01-26,29.87,30.1,29.71,30.1,627028.0,0.0,1.0,29.6774597129,29.9059771462,29.5184910636,29.9059771462,627028.0,0.00 x,0.00 x
2017-01-27,29.99,30.3,29.72,30.3,732736.0,0.0,1.0,29.7966861998,30.1046879578,29.5284266042,30.1046879578,732736.0,0.00 x,0.00 x
2017-01-30,30.3,30.55,30.02,30.55,1107386.0,0.0,1.0,30.1046879578,30.3530764723,29.8264928216,30.3530764723,1107386.0,0.00 x,0.00 x
2017-01-31,30.48,31.465,30.39,31.45,2886090.0,0.0,1.0,30.2835276883,31.2621784354,30.194107823,31.2472751245,2886090.0,0.00 x,0.00 x
2017-02-01,31.45,31.97,30.95,31.16,2679652.0,0.0,1.0,31.2472751245,31.7639232347,30.7504980955,30.9591444477,2679652.0,0.00 x,0.00 x
2017-02-02,31.0,31.45,30.96,31.34,1867705.0,0.0,1.0,30.8001757984,31.2472751245,30.7604336361,31.1379841781,1867705.0,0.00 x,0.00 x
2017-02-03,31.35,31.57,31.25,31.49,1867996.0,0.0,1.0,31.1479197187,31.3665016115,31.0485643129,31.2870172868,1867996.0,0.00 x,0.00 x
2017-02-06,31.43,31.785,31.34,31.72,976250.0,0.0,1.0,31.2274040434,31.580115734,31.1379841781,31.5155347202,976250.0,0.00 x,0.00 x
2017-02-07,31.7,31.73,31.3,31.37,1965373.0,0.0,1.0,31.495663639,31.5254702608,31.0982420158,31.1677907999,1965373.0,0.00 x,0.00 x
2017-02-08,31.39,31.68,31.12,31.62,891816.0,0.0,1.0,31.187661881,31.4757925579,30.9194022854,31.4161793144,891816.0,0.00 x,0.00 x
2017-02-09,31.78,31.92,31.51,31.72,776499.0,0.0,1.0,31.5751479637,31.7142455318,31.306888368,31.5155347202,776499.0,0.00 x,0.00 x
2017-02-10,31.83,31.91,31.66,31.88,391653.0,0.0,1.0,31.6248256666,31.7043099912,31.4559214767,31.6745033695,391653.0,0.00 x,0.00 x
2017-02-13,31.93,32.14,31.78,31.93,1059082.0,0.0,1.0,31.7241810724,31.9328274246,31.5751479637,31.7241810724,1059082.0,0.00 x,0.00 x
2017-02-14,31.95,31.987,31.75,31.84,516092.0,0.0,1.0,31.7440521535,31.7808136537,31.5453413419,31.6347612071,516092.0,0.00 x,0.00 x
2017-02-15,31.75,32.06,31.44,31.99,855293.0,0.0,1.0,31.5453413419,31.8533430999,31.2373395839,31.7837943159,855293.0,0.00 x,0.00 x
2017-02-16,31.98,32.38,31.9,32.08,957513.0,0.0,1.0,31.7738587753,32.1712803985,31.6943744506,31.8732141811,957513.0,0.00 x,0.00 x
2017-02-17,32.02,32.18,31.95,32.08,552963.0,0.0,1.0,31.8136009376,31.9725695869,31.7440521535,31.8732141811,552963.0,0.00 x,0.00 x
2017-02-21,32.11,32.26,31.94,32.24,493843.0,0.0,1.0,31.9030208028,32.0520539115,31.734116613,32.0321828304,493843.0,0.00 x,0.00 x
2017-02-22,32.32,32.32,31.88,32.12,469104.0,0.0,1.0,32.111667155,32.111667155,31.6745033695,31.9129563434,469104.0,0.00 x,0.00 x
2017-02-23,32.1,32.245,31.985,32.24,473129.0,0.0,1.0,31.8930852622,32.0371506006,31.7788265456,32.0321828304,473129.0,0.00 x,0.00 x
2017-02-24,32.2,32.6,32.17,32.54,981772.0,0.0,1.0,31.992440668,32.3898622912,31.9626340463,32.3302490478,981772.0,0.00 x,0.00 x
2017-02-27,32.53,32.58,32.22,32.56,636112.0,0.0,1.0,32.3203135072,32.3699912101,32.0123117492,32.3501201289,636112.0,0.00 x,0.00 x
2017-02-28,32.5,33.23,32.34,32.9,2040703.0,0.0,1.0,32.2905068854,33.0158013478,32.1315382362,32.6879285086,2040703.0,0.00 x,0.00 x
2017-03-01,32.25,33.08,31.8,32.8,3019221.0,0.0,1.0,32.0421183709,32.8667682391,31.5950190448,32.5885731028,3019221.0,0.00 x,0.00 x
2017-03-02,33.05,34.0,32.95,33.81,13516155.0,0.0,1.0,32.8369616173,33.7808379725,32.7376062115,33.5920627014,13516155.0,0.00 x,0.00 x
2017-03-03,33.88,34.505,33.54,33.93,4502403.0,0.0,1.0,33.6616114855,34.2825827718,33.3238031058,33.7112891884,4502403.0,0.00 x,0.00 x
2017-03-06,33.77,34.1,33.56,33.75,3952775.0,0.0,1.0,33.5523205391,33.8801933783,33.3436741869,33.532449458,3952775.0,0.00 x,0.00 x
2017-03-07,33.72,33.97,33.555,33.83,1397857.0,0.0,1.0,33.5026428362,33.7510313507,33.3387064166,33.6119337826,1397857.0,0.00 x,0.00 x
2017-03-08,33.76,33.79,33.19,33.25,2036316.0,0.0,1.0,33.5423849985,33.5721916203,32.9760591855,33.0356724289,2036316.0,0.00 x,0.00 x
2017-03-09,33.35,33.57,32.85,32.96,1198949.0,0.0,1.0,33.1350278347,33.3536097275,32.6382508057,32.7475417521,1198949.0,0.00 x,0.00 x
2017-03-10,33.21,33.34,32.69,33.22,901698.0,0.0,1.0,32.9959302666,33.1250922942,32.4792821565,33.0058658072,901698.0,0.00 x,0.00 x
2017-03-13,33.09,33.8,33.06,33.62,1815733.0,0.0,1.0,32.8767037797,33.5821271609,32.8468971579,33.4032874304,1815733.0,0.00 x,0.00 x
2017-03-14,33.54,33.8,33.33,33.5,1241680.0,0.0,1.0,33.3238031058,33.5821271609,33.1151567536,33.2840609435,1241680.0,0.00 x,0.00 x
2017-03-15,33.56,34.0,33.56,33.84,1360253.0,0.0,1.0,33.3436741869,33.7808379725,33.3436741869,33.6218693232,1360253.0,0.00 x,0.00 x
2017-03-16,33.92,34.19,33.8175,34.02,1218463.0,0.0,1.0,33.7013536478,33.9696132435,33.5995143569,33.8007090536,1218463.0,0.00 x,0.00 x
2017-03-17,34.08,34.24,33.8801,33.93,4959810.0,0.0,1.0,33.8603222971,34.0192909464,33.6617108409,33.7112891884,4959810.0,0.00 x,0.00 x
2017-03-20,34.0,34.09,33.675,33.92,936860.0,0.0,1.0,33.7808379725,33.8702578377,33.4579329036,33.7013536478,936860.0,0.00 x,0.00 x
2017-03-21,33.91,34.01,33.52,33.52,945742.0,0.0,1.0,33.6914181072,33.790773513,33.3039320246,33.3039320246,945742.0,0.00 x,0.00 x
2017-03-22,33.46,33.76,33.415,33.72,950312.0,0.0,1.0,33.2443187811,33.5423849985,33.1996088485,33.5026428362,950312.0,0.00 x,0.00 x
2017-03-23,33.69,33.99,33.54,33.72,1412769.0,0.0,1.0,33.4728362145,33.7709024319,33.3238031058,33.5026428362,1412769.0,0.00 x,0.00 x
2017-03-24,33.74,34.0,33.45,33.48,828279.0,0.0,1.0,33.5225139174,33.7808379725,33.2343832406,33.2641898623,828279.0,0.00 x,0.00 x
2017-03-27,33.42,33.57,33.13,33.52,929072.0,0.0,1.0,33.2045766188,33.3536097275,32.916445942,33.3039320246,929072.0,0.00 x,0.00 x
2017-03-28,33.6,33.86,33.37,33.81,1296577.0,0.0,1.0,33.3834163493,33.6417404043,33.1548989159,33.5920627014,1296577.0,0.00 x,0.00 x
2017-03-29,33.55,33.93,33.43,33.91,798716.0,0.22,1.0,33.55,33.93,33.43,33.91,798716.0,0.00 x,0.00 x
2017-03-30,33.9,34.0,33.75,33.98,626918.0,0.0,1.0,33.9,34.0,33.75,33.98,626918.0,0.00 x,0.00 x
2017-03-31,33.93,34.14,33.91,33.95,1538534.0,0.0,1.0,33.93,34.14,33.91,33.95,1538534.0,0.00 x,0.00 x
2017-04-03,33.8,34.04,33.73,34.01,836260.0,0.0,1.0,33.8,34.04,33.73,34.01,836260.0,0.00 x,0.00 x
2017-04-04,34.02,34.48,34.02,34.3,966444.0,0.0,1.0,34.02,34.48,34.02,34.3,966444.0,0.00 x,0.00 x
2017-04-05,34.34,34.64,34.16,34.49,1413621.0,0.0,1.0,34.34,34.64,34.16,34.49,1413621.0,0.00 x,0.00 x
2017-04-06,34.54,34.95,34.39,34.93,1344303.0,0.0,1.0,34.54,34.95,34.39,34.93,1344303.0,0.00 x,0.00 x
2017-04-07,34.92,35.15,34.75,34.93,986005.0,0.0,1.0,34.92,35.15,34.75,34.93,986005.0,0.00 x,0.00 x
2017-04-10,34.85,35.02,34.6,34.63,555305.0,0.0,1.0,34.85,35.02,34.6,34.63,555305.0,0.00 x,0.00 x
2017-04-11,34.76,34.95,34.63,34.95,551864.0,0.0,1.0,34.76,34.95,34.63,34.95,551864.0,0.00 x,0.00 x
2017-04-12,34.99,35.0,34.48,34.51,548015.0,0.0,1.0,34.99,35.0,34.48,34.51,548015.0,0.00 x,0.00 x
2017-04-13,34.64,34.7,34.2301,34.28,461917.0,0.0,1.0,34.64,34.7,34.2301,34.28,461917.0,0.00 x,0.00 x
2017-04-17,34.24,34.83,34.24,34.83,583973.0,0.0,1.0,34.24,34.83,34.24,34.83,583973.0,0.00 x,0.00 x
2017-04-18,34.55,34.9,34.48,34.74,553623.0,0.0,1.0,34.55,34.9,34.48,34.74,553623.0,0.00 x,0.00 x
2017-04-19,34.82,34.83,34.53,34.69,695054.0,0.0,1.0,34.82,34.83,34.53,34.69,695054.0,0.00 x,0.00 x
2017-04-20,34.75,34.84,34.525,34.7,557998.0,0.0,1.0,34.75,34.84,34.525,34.7,557998.0,0.00 x,0.00 x
2017-04-21,34.62,34.85,34.55,34.82,640332.0,0.0,1.0,34.62,34.85,34.55,34.82,640332.0,0.00 x,0.00 x
2017-04-24,35.0,35.01,34.54,34.82,986073.0,0.0,1.0,35.0,35.01,34.54,34.82,986073.0,0.00 x,0.00 x
2017-04-25,34.83,34.91,34.11,34.41,1152421.0,0.0,1.0,34.83,34.91,34.11,34.41,1152421.0,0.00 x,0.00 x
2017-04-26,34.23,34.7,34.15,34.39,976091.0,0.0,1.0,34.23,34.7,34.15,34.39,976091.0,0.00 x,0.00 x
2017-04-27,34.41,34.82,34.23,34.6,809902.0,0.0,1.0,34.41,34.82,34.23,34.6,809902.0,0.00 x,0.00 x
2017-04-28,34.7,34.7,34.315,34.57,1397785.0,0.0,1.0,34.7,34.7,34.315,34.57,1397785.0,0.00 x,0.00 x
2017-05-01,34.7,34.9,34.23,34.78,709861.0,0.0,1.0,34.7,34.9,34.23,34.78,709861.0,0.00 x,0.00 x
2017-05-02,34.71,34.83,34.19,34.31,773355.0,0.0,1.0,34.71,34.83,34.19,34.31,773355.0,0.00 x,0.00 x
2017-05-03,34.26,34.35,33.94,34.2,1485122.0,0.0,1.0,34.26,34.35,33.94,34.2,1485122.0,0.00 x,0.00 x
2017-05-04,34.19,34.19,33.435,33.64,839038.0,0.0,1.0,34.19,34.19,33.435,33.64,839038.0,0.00 x,0.00 x
2017-05-05,33.72,34.0,33.7,33.87,506146.0,0.0,1.0,33.72,34.0,33.7,33.87,506146.0,0.00 x,0.00 x
2017-05-08,33.93,34.07,33.64,33.8,700282.0,0.0,1.0,33.93,34.07,33.64,33.8,700282.0,0.00 x,0.00 x
2017-05-09,33.83,34.3,33.16,33.34,920459.0,0.0,1.0,33.83,34.3,33.16,33.34,920459.0,0.00 x,0.00 x
2017-05-10,33.33,33.67,33.22,33.23,483395.0,0.0,1.0,33.33,33.67,33.22,33.23,483395.0,0.00 x,0.00 x
2017-05-11,33.19,33.885,33.09,33.65,806579.0,0.0,1.0,33.19,33.885,33.09,33.65,806579.0,0.00 x,0.00 x
2017-05-12,33.73,33.85,33.47,33.76,595765.0,0.0,1.0,33.73,33.85,33.47,33.76,595765.0,0.00 x,0.00 x
2017-05-15,33.71,34.305,33.47,34.03,1254485.0,0.0,1.0,33.71,34.305,33.47,34.03,1254485.0,0.00 x,0.00 x
2017-05-16,34.0,34.04,33.63,33.7,729549.0,0.0,1.0,34.0,34.04,33.63,33.7,729549.0,0.00 x,0.00 x
2017-05-17,33.64,34.01,33.58,33.59,912239.0,0.0,1.0,33.64,34.01,33.58,33.59,912239.0,0.00 x,0.00 x
2017-05-18,33.53,34.035,33.29,33.59,1033883.0,0.0,1.0,33.53,34.035,33.29,33.59,1033883.0,0.00 x,0.00 x
2017-05-19,33.5,33.98,33.49,33.94,1067308.0,0.0,1.0,33.5,33.98,33.49,33.94,1067308.0,0.00 x,0.00 x
2017-05-22,33.94,34.44,33.775,34.41,784474.0,0.0,1.0,33.94,34.44,33.775,34.41,784474.0,0.00 x,0.00 x
2017-05-23,34.41,34.77,34.41,34.54,711363.0,0.0,1.0,34.41,34.77,34.41,34.54,711363.0,0.00 x,0.00 x
2017-05-24,34.52,34.82,34.35,34.71,453450.0,0.0,1.0,34.52,34.82,34.35,34.71,453450.0,0.00 x,0.00 x
2017-05-25,34.86,35.015,34.4,34.41,891514.0,0.0,1.0,34.86,35.015,34.4,34.41,891514.0,0.00 x,0.00 x
2017-05-26,34.48,34.63,34.34,34.5,870732.0,0.0,1.0,34.48,34.63,34.34,34.5,870732.0,0.00 x,0.00 x
2017-05-30,34.5,34.67,34.46,34.46,517707.0,0.0,1.0,34.5,34.67,34.46,34.46,517707.0,0.00 x,0.00 x
2017-05-31,34.45,34.68,34.29,34.57,643153.0,0.0,1.0,34.45,34.68,34.29,34.57,643153.0,0.00 x,0.00 x
2017-06-01,34.53,35.12,34.3,35.07,816175.0,0.0,1.0,34.53,35.12,34.3,35.07,816175.0,0.00 x,0.00 x
2017-06-02,35.21,35.75,35.135,35.72,920219.0,0.0,1.0,35.21,35.75,35.135,35.72,920219.0,0.00 x,0.00 x
2017-06-05,35.6,35.76,35.22,35.25,922610.0,0.0,1.0,35.6,35.76,35.22,35.25,922610.0,0.00 x,0.00 x
2017-06-06,35.31,35.39,34.78,34.83,7135320.0,0.0,1.0,35.31,35.39,34.78,34.83,7135320.0,0.00 x,0.00 x
2017-06-07,34.91,35.04,34.8,34.95,2369763.0,0.0,1.0,34.91,35.04,34.8,34.95,2369763.0,0.00 x,0.00 x
2017-06-08,35.0,35.0,34.4999,34.76,4905186.0,0.0,1.0,35.0,35.0,34.4999,34.76,4905186.0,0.00 x,0.00 x
2017-06-09,34.83,35.06,34.5,34.58,2143894.0,0.0,1.0,34.83,35.06,34.5,34.58,2143894.0,0.00 x,0.00 x
