Date,High,Low,Last,Previous Day Price,Volume,bid,ask
2014-03-21,4.345,4.345,4.345,4.354,,0.00 x,0.00 x
2014-03-24,4.473,4.473,4.473,4.345,,0.00 x,0.00 x
2014-03-25,4.609,4.609,4.609,4.473,,0.00 x,0.00 x
2014-03-26,4.61,4.496,4.61,4.609,,0.00 x,0.00 x
2014-03-27,4.562,4.562,4.562,4.61,,0.00 x,0.00 x
2014-03-28,4.616,4.616,4.616,4.562,,0.00 x,0.00 x
2014-03-31,4.594,4.594,4.594,4.616,,0.00 x,0.00 x
2014-04-01,4.732,4.732,4.732,4.594,,0.00 x,0.00 x
2014-04-02,4.992,4.992,4.992,4.732,,0.00 x,0.00 x
2014-04-03,5.019,5.019,5.019,4.992,,0.00 x,0.00 x
2014-04-04,5.029,5.029,5.029,5.019,,0.00 x,0.00 x
2014-04-07,5.065,5.065,5.065,5.029,,0.00 x,0.00 x
2014-04-09,5.198,5.198,5.198,5.09,,0.00 x,0.00 x
2014-04-11,5.188,5.188,5.188,5.141,,0.00 x,0.00 x
2014-04-14,5.296,5.296,5.296,5.188,,0.00 x,0.00 x
2014-04-16,5.207,5.207,5.207,5.212,,0.00 x,0.00 x
2014-04-17,5.182,5.182,5.182,5.207,,0.00 x,0.00 x
2014-04-22,5.178,5.178,5.178,5.182,,0.00 x,0.00 x
2014-04-23,5.114,5.114,5.114,5.178,,0.00 x,0.00 x
2014-04-24,4.999,4.999,4.999,5.114,,0.00 x,0.00 x
2014-04-25,4.99,4.99,4.99,4.999,,0.00 x,0.00 x
2014-04-28,4.965,4.965,4.965,4.99,,0.00 x,0.00 x
2014-04-29,4.936,4.936,4.936,4.965,,0.00 x,0.00 x
2014-04-30,4.992,4.992,4.992,4.936,,0.00 x,0.00 x
2014-05-02,4.985,4.985,4.985,4.992,,0.00 x,0.00 x
2014-05-05,4.81,4.81,4.81,4.985,,0.00 x,0.00 x
2014-05-06,4.841,4.841,4.841,4.81,,0.00 x,0.00 x
2014-05-07,4.657,4.657,4.657,4.841,,0.00 x,0.00 x
2014-05-09,4.683,4.683,4.683,4.651,,0.00 x,0.00 x
2014-05-12,4.872,4.872,4.872,4.683,,0.00 x,0.00 x
2014-05-13,4.914,4.914,4.914,4.872,,0.00 x,0.00 x
2014-05-15,5.042,5.042,5.042,5.062,,0.00 x,0.00 x
2014-05-16,5.098,5.098,5.098,5.042,,0.00 x,0.00 x
2014-05-20,5.028,5.028,5.028,5.098,,0.00 x,0.00 x
2014-05-21,4.967,4.967,4.967,5.028,,0.00 x,0.00 x
2014-05-22,5.125,5.125,5.125,4.967,,0.00 x,0.00 x
2014-05-23,5.277,5.277,5.277,5.125,,0.00 x,0.00 x
2014-05-26,5.152,5.152,5.152,5.277,,0.00 x,0.00 x
2014-05-28,5.022,5.022,5.022,4.911,,0.00 x,0.00 x
2014-05-29,5.038,5.038,5.038,5.006,,0.00 x,0.00 x
2014-05-30,5.124,5.104,5.124,5.038,,0.00 x,0.00 x
2014-06-02,5.12,5.12,5.12,5.124,,0.00 x,0.00 x
2014-06-04,5.039,5.039,5.039,5.176,,0.00 x,0.00 x
2014-06-05,5.144,5.144,5.144,5.039,,0.00 x,0.00 x
2014-06-06,5.161,5.161,5.161,5.144,,0.00 x,0.00 x
2014-06-09,5.218,5.218,5.218,5.161,,0.00 x,0.00 x
2014-06-10,5.418,5.264,5.418,5.218,,0.00 x,0.00 x
2014-06-11,5.253,5.253,5.253,5.418,,0.00 x,0.00 x
2014-06-12,5.25,5.25,5.25,5.253,,0.00 x,0.00 x
2014-06-13,5.407,5.407,5.407,5.25,,0.00 x,0.00 x
2014-06-17,5.288,5.288,5.288,5.41,,0.00 x,0.00 x
2014-06-18,5.315,5.315,5.315,5.288,,0.00 x,0.00 x
2014-06-19,5.254,5.254,5.254,5.315,,0.00 x,0.00 x
2014-06-20,5.25,5.25,5.25,5.254,,0.00 x,0.00 x
2014-06-24,5.169,5.169,5.169,5.283,,0.00 x,0.00 x
2014-06-25,5.18,5.18,5.18,5.169,,0.00 x,0.00 x
2014-07-10,5.229,5.229,5.229,5.239,,0.00 x,0.00 x
2014-07-11,5.303,5.303,5.303,5.229,,0.00 x,0.00 x
2014-07-14,5.268,5.268,5.268,5.303,,0.00 x,0.00 x
2014-07-16,5.365,5.365,5.365,5.272,,0.00 x,0.00 x
2014-07-17,5.366,5.366,5.366,5.365,,0.00 x,0.00 x
2014-07-18,5.36,5.36,5.36,5.366,,0.00 x,0.00 x
2014-07-21,5.334,5.334,5.334,5.36,,0.00 x,0.00 x
2014-07-22,5.459,5.459,5.459,5.334,,0.00 x,0.00 x
2014-07-25,5.719,5.719,5.719,5.708,,0.00 x,0.00 x
2014-07-28,5.797,5.797,5.797,5.719,,0.00 x,0.00 x
2014-07-29,5.72,5.72,5.72,5.797,,0.00 x,0.00 x
2014-07-30,5.973,5.973,5.973,5.72,,0.00 x,0.00 x
2014-07-31,5.92,5.92,5.92,5.973,,0.00 x,0.00 x
2014-08-01,5.831,5.806,5.806,5.92,,0.00 x,0.00 x
2014-08-04,5.839,5.839,5.839,5.806,,0.00 x,0.00 x
2014-08-05,5.695,5.695,5.695,5.839,,0.00 x,0.00 x
2014-08-06,5.723,5.723,5.723,5.695,,0.00 x,0.00 x
2014-08-07,5.748,5.748,5.748,5.723,,0.00 x,0.00 x
2014-08-08,5.667,5.667,5.667,5.748,,0.00 x,0.00 x
2014-08-11,5.735,5.735,5.735,5.667,,0.00 x,0.00 x
2014-08-12,5.679,5.679,5.679,5.735,,0.00 x,0.00 x
2014-08-13,5.623,5.623,5.623,5.679,,0.00 x,0.00 x
2014-08-14,5.612,5.612,5.612,5.623,,0.00 x,0.00 x
2014-08-15,5.647,5.647,5.647,5.612,,0.00 x,0.00 x
2014-08-18,5.609,5.609,5.609,5.647,,0.00 x,0.00 x
2014-08-19,5.624,5.624,5.624,5.609,,0.00 x,0.00 x
2014-08-20,5.862,5.862,5.862,5.624,,0.00 x,0.00 x
2014-08-21,5.866,5.866,5.866,5.862,,0.00 x,0.00 x
2014-08-22,5.949,5.949,5.949,5.866,,0.00 x,0.00 x
2014-08-25,5.973,5.973,5.973,5.949,,0.00 x,0.00 x
2014-08-26,5.974,5.974,5.974,5.973,,0.00 x,0.00 x
2014-08-27,5.957,5.957,5.957,5.974,,0.00 x,0.00 x
2014-08-28,5.885,5.885,5.885,5.957,,0.00 x,0.00 x
2014-08-29,5.856,5.856,5.856,5.885,,0.00 x,0.00 x
2014-09-01,5.891,5.891,5.891,5.856,,0.00 x,0.00 x
2014-09-02,5.923,5.923,5.923,5.891,,0.00 x,0.00 x
2014-09-03,6.021,6.021,6.021,5.923,,0.00 x,0.00 x
2014-09-04,6.052,6.052,6.052,6.021,,0.00 x,0.00 x
2014-09-05,6.145,6.145,6.145,6.052,,0.00 x,0.00 x
2014-09-08,6.146,6.146,6.146,6.145,,0.00 x,0.00 x
2014-09-09,6.21,6.21,6.21,6.146,,0.00 x,0.00 x
2014-09-10,6.092,6.092,6.092,6.21,,0.00 x,0.00 x
2014-09-11,6.115,6.115,6.115,6.092,,0.00 x,0.00 x
2014-09-12,6.108,6.108,6.108,6.115,,0.00 x,0.00 x
2014-09-15,6.0,6.0,6.0,6.108,,0.00 x,0.00 x
2014-09-16,5.913,5.913,5.913,6.0,,0.00 x,0.00 x
2014-09-17,5.982,5.982,5.982,5.913,,0.00 x,0.00 x
2014-09-18,6.025,6.025,6.025,5.982,,0.00 x,0.00 x
2014-09-19,5.833,5.833,5.833,6.025,,0.00 x,0.00 x
2014-09-22,5.788,5.788,5.788,5.833,,0.00 x,0.00 x
2014-09-23,5.764,5.764,5.764,5.788,,0.00 x,0.00 x
2014-09-24,5.732,5.732,5.732,5.764,,0.00 x,0.00 x
2014-09-25,5.777,5.777,5.777,5.732,,0.00 x,0.00 x
2014-09-26,5.738,5.701,5.738,5.777,,0.00 x,0.00 x
2014-09-29,5.523,5.515,5.515,5.738,,0.00 x,0.00 x
2014-09-30,5.542,5.417,5.542,5.515,,0.00 x,0.00 x
2014-10-01,5.54,5.531,5.539,5.542,,0.00 x,0.00 x
2014-10-02,5.464,5.454,5.464,5.539,,0.00 x,0.00 x
2014-10-06,5.746,5.671,5.671,5.464,,0.00 x,0.00 x
2014-10-07,5.697,5.677,5.677,5.671,,0.00 x,0.00 x
2014-10-08,5.644,5.617,5.639,5.677,,0.00 x,0.00 x
2014-10-09,5.606,5.582,5.582,5.639,,0.00 x,0.00 x
2014-10-10,5.563,5.544,5.563,5.582,,0.00 x,0.00 x
2014-10-13,5.506,5.506,5.506,5.563,,0.00 x,0.00 x
2014-10-14,5.603,5.527,5.54,5.506,,0.00 x,0.00 x
2014-10-15,5.565,5.565,5.565,5.54,,0.00 x,0.00 x
2014-10-16,5.469,5.372,5.372,5.565,,0.00 x,0.00 x
2014-10-17,5.511,5.476,5.511,5.372,,0.00 x,0.00 x
2014-10-20,5.513,5.477,5.477,5.511,,0.00 x,0.00 x
2014-10-21,5.467,5.467,5.467,5.477,,0.00 x,0.00 x
2014-10-22,5.644,5.597,5.644,5.467,,0.00 x,0.00 x
2014-10-23,5.688,5.657,5.688,5.644,,0.00 x,0.00 x
2014-10-24,5.596,5.586,5.586,5.688,,0.00 x,0.00 x
2014-10-28,5.581,5.581,5.581,5.537,,0.00 x,0.00 x
2014-10-29,5.667,5.651,5.651,5.581,,0.00 x,0.00 x
2014-10-30,5.7,5.66,5.7,5.651,,0.00 x,0.00 x
2014-10-31,5.808,5.774,5.808,5.7,,0.00 x,0.00 x
2014-11-03,5.742,5.723,5.742,5.808,,0.00 x,0.00 x
2014-11-04,5.606,5.606,5.606,5.742,,0.00 x,0.00 x
2014-11-05,5.597,5.597,5.597,5.606,,0.00 x,0.00 x
2014-11-06,5.601,5.601,5.601,5.597,,0.00 x,0.00 x
2014-11-07,5.662,5.644,5.644,5.601,,0.00 x,0.00 x
2014-11-10,5.698,5.698,5.698,5.644,,0.00 x,0.00 x
2014-11-11,5.72,5.716,5.72,5.698,,0.00 x,0.00 x
2014-11-12,5.703,5.693,5.697,5.72,,0.00 x,0.00 x
2014-11-13,5.731,5.697,5.697,5.697,,0.00 x,0.00 x
2014-11-14,5.702,5.694,5.702,5.697,,0.00 x,0.00 x
2014-11-17,5.628,5.628,5.628,5.702,,0.00 x,0.00 x
2014-11-18,5.747,5.6,5.747,5.628,,0.00 x,0.00 x
2014-11-19,5.602,5.575,5.575,5.747,,0.00 x,0.00 x
2014-11-20,5.58,5.573,5.573,5.575,,0.00 x,0.00 x
2014-11-21,5.66,5.596,5.66,5.573,,0.00 x,0.00 x
2014-11-24,5.792,5.792,5.792,5.66,,0.00 x,0.00 x
2014-11-25,5.785,5.74,5.74,5.792,,0.00 x,0.00 x
2014-11-26,5.76,5.741,5.742,5.74,,0.00 x,0.00 x
2014-11-27,5.753,5.753,5.753,5.742,,0.00 x,0.00 x
2014-11-28,5.724,5.689,5.689,5.753,,0.00 x,0.00 x
2014-12-01,5.601,5.586,5.586,5.689,,0.00 x,0.00 x
2014-12-02,5.643,5.613,5.643,5.586,,0.00 x,0.00 x
2014-12-03,5.683,5.638,5.683,5.643,,0.00 x,0.00 x
2014-12-04,5.692,5.639,5.639,5.683,,0.00 x,0.00 x
2014-12-05,5.747,5.724,5.747,5.639,,0.00 x,0.00 x
2014-12-08,5.768,5.72,5.738,5.747,,0.00 x,0.00 x
2014-12-09,5.679,5.649,5.649,5.738,,0.00 x,0.00 x
2014-12-10,5.732,5.654,5.654,5.649,,0.00 x,0.00 x
2014-12-11,5.532,5.53,5.53,5.654,,0.00 x,0.00 x
2014-12-12,5.721,5.649,5.649,5.53,,0.00 x,0.00 x
2014-12-15,5.64,5.64,5.64,5.649,,0.00 x,0.00 x
2014-12-16,5.586,5.586,5.586,5.64,,0.00 x,0.00 x
2014-12-17,5.614,5.53,5.614,5.586,,0.00 x,0.00 x
2014-12-18,5.637,5.621,5.635,5.614,,0.00 x,0.00 x
2014-12-19,5.687,5.661,5.661,5.635,,0.00 x,0.00 x
2014-12-22,5.74,5.731,5.731,5.661,,0.00 x,0.00 x
2014-12-23,5.8,5.745,5.8,5.731,,0.00 x,0.00 x
2014-12-29,5.883,5.883,5.883,5.8,,0.00 x,0.00 x
2014-12-30,5.885,5.882,5.882,5.883,,0.00 x,0.00 x
2015-01-02,6.05,6.037,6.045,5.882,,0.00 x,0.00 x
2015-01-05,6.147,6.147,6.147,6.045,,0.00 x,0.00 x
2015-01-08,6.269,6.269,6.269,6.087,,0.00 x,0.00 x
2015-01-09,6.575,6.369,6.402,6.269,,0.00 x,0.00 x
2015-01-12,6.547,6.545,6.545,6.402,,0.00 x,0.00 x
2015-01-13,6.691,6.58,6.691,6.545,,0.00 x,0.00 x
2015-01-14,6.566,6.566,6.566,6.691,,0.00 x,0.00 x
2015-01-16,6.652,6.583,6.652,6.617,,0.00 x,0.00 x
2015-01-19,6.508,6.508,6.508,6.652,,0.00 x,0.00 x
2015-01-20,6.579,6.557,6.579,6.508,,0.00 x,0.00 x
2015-01-21,6.631,6.627,6.631,6.579,,0.00 x,0.00 x
2015-01-23,6.999,6.923,6.999,6.707,,0.00 x,0.00 x
2015-01-26,6.968,6.968,6.968,6.999,,0.00 x,0.00 x
2015-01-27,6.997,6.926,6.926,6.968,,0.00 x,0.00 x
2015-01-28,7.0,6.994,7.0,6.926,,0.00 x,0.00 x
2015-01-29,7.071,7.066,7.066,7.0,,0.00 x,0.00 x
2015-01-30,7.108,7.082,7.082,7.066,,0.00 x,0.00 x
2015-02-02,7.078,7.047,7.075,7.082,,0.00 x,0.00 x
2015-02-03,6.897,6.866,6.866,7.075,,0.00 x,0.00 x
2015-02-04,6.886,6.851,6.886,6.866,,0.00 x,0.00 x
2015-02-05,6.949,6.932,6.932,6.886,,0.00 x,0.00 x
2015-02-06,6.917,6.829,6.917,6.932,,0.00 x,0.00 x
2015-02-09,6.742,6.742,6.742,6.917,,0.00 x,0.00 x
2015-02-10,6.884,6.829,6.884,6.742,,0.00 x,0.00 x
2015-02-11,6.733,6.702,6.733,6.884,,0.00 x,0.00 x
2015-02-12,6.63,6.622,6.63,6.733,,0.00 x,0.00 x
2015-02-13,6.681,6.681,6.681,6.63,,0.00 x,0.00 x
2015-02-16,6.734,6.721,6.721,6.681,,0.00 x,0.00 x
2015-02-17,6.695,6.695,6.695,6.721,,0.00 x,0.00 x
2015-02-18,6.674,6.674,6.674,6.695,,0.00 x,0.00 x
2015-02-19,6.684,6.662,6.684,6.674,,0.00 x,0.00 x
2015-02-20,6.733,6.676,6.676,6.684,,0.00 x,0.00 x
2015-02-23,6.8,6.771,6.776,6.676,,0.00 x,0.00 x
2015-02-24,6.706,6.688,6.697,6.776,,0.00 x,0.00 x
2015-02-25,6.648,6.62,6.62,6.697,,0.00 x,0.00 x
2015-02-26,6.613,6.527,6.613,6.62,,0.00 x,0.00 x
2015-02-27,6.498,6.402,6.402,6.613,,0.00 x,0.00 x
2015-03-02,6.491,6.491,6.491,6.402,,0.00 x,0.00 x
2015-03-03,6.65,6.471,6.55,6.491,,0.00 x,0.00 x
2015-03-04,6.599,6.425,6.46,6.55,,0.00 x,0.00 x
2015-03-05,6.328,6.31,6.328,6.46,,0.00 x,0.00 x
2015-03-06,6.44,6.366,6.435,6.328,,0.00 x,0.00 x
2015-03-09,6.381,6.364,6.381,6.435,,0.00 x,0.00 x
2015-03-10,6.334,6.334,6.334,6.381,,0.00 x,0.00 x
2015-03-11,6.463,6.419,6.463,6.334,,0.00 x,0.00 x
2015-03-12,6.41,6.36,6.36,6.463,,0.00 x,0.00 x
2015-03-13,6.352,6.289,6.352,6.36,,0.00 x,0.00 x
2015-03-16,6.167,6.108,6.127,6.352,,0.00 x,0.00 x
2015-03-17,6.105,5.949,6.105,6.127,,0.00 x,0.00 x
2015-03-18,6.115,6.084,6.084,6.105,,0.00 x,0.00 x
2015-03-19,6.241,6.241,6.241,6.084,,0.00 x,0.00 x
2015-03-20,6.298,6.282,6.282,6.241,,0.00 x,0.00 x
2015-03-23,6.238,6.136,6.136,6.282,,0.00 x,0.00 x
2015-03-24,6.094,6.031,6.073,6.136,,0.00 x,0.00 x
2015-03-25,6.144,6.115,6.115,6.073,,0.00 x,0.00 x
2015-03-26,6.128,6.128,6.128,6.115,,0.00 x,0.00 x
2015-03-27,6.263,6.263,6.263,6.128,,0.00 x,0.00 x
2015-03-30,6.338,6.278,6.338,6.263,,0.00 x,0.00 x
2015-03-31,6.411,6.411,6.411,6.338,,0.00 x,0.00 x
2015-04-01,6.49,6.453,6.453,6.411,,0.00 x,0.00 x
2015-04-02,6.523,6.523,6.523,6.453,,0.00 x,0.00 x
2015-04-07,6.547,6.499,6.547,6.523,,0.00 x,0.00 x
2015-04-08,6.777,6.577,6.614,6.547,,0.00 x,0.00 x
2015-04-09,6.953,6.918,6.953,6.614,,0.00 x,0.00 x
2015-04-20,6.56,6.533,6.56,6.571,,0.00 x,0.00 x
2015-04-21,6.675,6.662,6.662,6.56,,0.00 x,0.00 x
2015-04-22,6.784,6.762,6.762,6.662,,0.00 x,0.00 x
2015-04-23,6.803,6.691,6.704,6.762,,0.00 x,0.00 x
2015-04-24,6.804,6.769,6.804,6.704,,0.00 x,0.00 x
2015-04-27,7.0,6.896,7.0,6.804,,0.00 x,0.00 x
2015-04-28,6.902,6.867,6.902,7.0,,0.00 x,0.00 x
2015-04-29,6.473,6.458,6.458,6.902,,0.00 x,0.00 x
2015-04-30,6.439,6.439,6.439,6.458,,0.00 x,0.00 x
2015-05-04,6.67,6.67,6.67,6.439,,0.00 x,0.00 x
2015-05-05,6.667,6.603,6.657,6.67,,0.00 x,0.00 x
2015-05-06,6.441,6.418,6.418,6.657,,0.00 x,0.00 x
2015-05-07,6.329,6.262,6.329,6.418,,0.00 x,0.00 x
2015-05-11,6.448,6.425,6.425,6.424,,0.00 x,0.00 x
2015-05-12,6.345,6.345,6.345,6.425,,0.00 x,0.00 x
2015-05-13,6.252,6.219,6.219,6.345,,0.00 x,0.00 x
2015-05-14,6.214,6.214,6.214,6.219,,0.00 x,0.00 x
2015-05-15,6.205,6.205,6.205,6.214,,0.00 x,0.00 x
2015-05-18,6.215,6.135,6.215,6.205,,0.00 x,0.00 x
2015-05-19,6.293,6.206,6.293,6.215,,0.00 x,0.00 x
2015-05-20,6.258,6.23,6.245,6.293,,0.00 x,0.00 x
2015-05-21,6.335,6.289,6.312,6.245,,0.00 x,0.00 x
2015-05-22,6.371,6.299,6.371,6.312,,0.00 x,0.00 x
2015-05-26,6.376,6.327,6.327,6.371,,0.00 x,0.00 x
2015-05-27,6.363,6.327,6.363,6.327,,0.00 x,0.00 x
2015-05-28,6.27,6.208,6.242,6.363,,0.00 x,0.00 x
2015-05-29,6.216,6.196,6.212,6.242,,0.00 x,0.00 x
2015-06-01,6.319,6.245,6.264,6.212,,0.00 x,0.00 x
2015-06-02,6.312,6.194,6.194,6.264,,0.00 x,0.00 x
2015-06-16,5.827,5.789,5.827,5.875,,0.00 x,0.00 x
2015-06-17,5.814,5.812,5.812,5.827,,0.00 x,0.00 x
2015-06-18,5.84,5.805,5.822,5.812,,0.00 x,0.00 x
2015-06-19,5.932,5.88,5.88,5.822,,0.00 x,0.00 x
2015-06-24,6.003,5.982,5.995,6.01,,0.00 x,0.00 x
2015-06-25,6.005,5.975,5.982,5.995,,0.00 x,0.00 x
2015-06-26,5.918,5.856,5.918,5.982,,0.00 x,0.00 x
2015-06-29,5.85,5.736,5.736,5.918,,0.00 x,0.00 x
2015-06-30,5.935,5.861,5.862,5.736,,0.00 x,0.00 x
2015-07-01,5.964,5.889,5.964,5.862,,0.00 x,0.00 x
2015-07-02,6.049,5.946,5.946,5.964,,0.00 x,0.00 x
2015-07-03,5.947,5.905,5.912,5.946,,0.00 x,0.00 x
2015-07-06,5.998,5.868,5.986,5.912,,0.00 x,0.00 x
2015-07-07,5.987,5.935,5.935,5.986,,0.00 x,0.00 x
2015-07-08,5.642,5.558,5.558,5.935,,0.00 x,0.00 x
2015-07-09,5.848,5.817,5.819,5.558,,0.00 x,0.00 x
2015-07-10,5.995,5.856,5.857,5.819,,0.00 x,0.00 x
2015-07-13,6.13,5.927,6.13,5.857,,0.00 x,0.00 x
2015-07-14,6.053,5.999,6.042,6.13,,0.00 x,0.00 x
2015-07-15,5.991,5.956,5.988,6.042,,0.00 x,0.00 x
2015-07-16,6.143,6.101,6.131,5.988,,0.00 x,0.00 x
2015-07-17,6.173,6.119,6.173,6.131,,0.00 x,0.00 x
2015-07-20,6.172,6.15,6.171,6.173,,0.00 x,0.00 x
2015-07-21,6.197,6.142,6.142,6.171,,0.00 x,0.00 x
2015-07-22,6.036,6.003,6.023,6.142,,0.00 x,0.00 x
2015-07-23,6.03,5.971,5.987,6.023,,0.00 x,0.00 x
2015-07-24,6.004,5.97,5.97,5.987,,0.00 x,0.00 x
2015-07-28,5.737,5.728,5.733,5.708,,0.00 x,0.00 x
2015-07-29,5.708,5.672,5.708,5.733,,0.00 x,0.00 x
2015-07-30,5.78,5.711,5.722,5.708,,0.00 x,0.00 x
2015-07-31,5.737,5.698,5.702,5.722,,0.00 x,0.00 x
2015-08-03,5.599,5.585,5.591,5.702,,0.00 x,0.00 x
2015-08-04,5.619,5.585,5.585,5.591,,0.00 x,0.00 x
2015-08-05,5.705,5.701,5.705,5.585,,0.00 x,0.00 x
2015-08-06,5.627,5.611,5.622,5.705,,0.00 x,0.00 x
2015-08-07,5.654,5.63,5.645,5.622,,0.00 x,0.00 x
2015-08-10,5.506,5.471,5.5,5.645,,0.00 x,0.00 x
2015-08-11,5.521,5.413,5.413,5.5,,0.00 x,0.00 x
2015-08-12,5.242,5.22,5.22,5.413,,0.00 x,0.00 x
2015-08-13,5.291,5.225,5.225,5.22,,0.00 x,0.00 x
2015-08-14,5.242,5.204,5.229,5.225,,0.00 x,0.00 x
2015-08-17,5.24,5.186,5.212,5.229,,0.00 x,0.00 x
2015-08-18,5.223,5.064,5.078,5.212,,0.00 x,0.00 x
2015-08-19,5.13,5.076,5.081,5.078,,0.00 x,0.00 x
2015-08-20,5.08,5.046,5.046,5.081,,0.00 x,0.00 x
2015-08-21,4.953,4.939,4.939,5.046,,0.00 x,0.00 x
2015-08-24,4.641,4.227,4.311,4.939,,0.00 x,0.00 x
2015-08-25,4.697,4.628,4.697,4.311,,0.00 x,0.00 x
2015-08-26,4.752,4.649,4.752,4.697,,0.00 x,0.00 x
2015-08-27,5.031,4.88,5.031,4.752,,0.00 x,0.00 x
2015-08-28,4.967,4.821,4.843,5.031,,0.00 x,0.00 x
2015-08-31,4.978,4.936,4.962,4.843,,0.00 x,0.00 x
2015-09-01,4.86,4.753,4.799,4.962,,0.00 x,0.00 x
2015-09-02,4.691,4.668,4.683,4.799,,0.00 x,0.00 x
2015-09-03,4.874,4.701,4.804,4.683,,0.00 x,0.00 x
2015-09-04,4.63,4.592,4.592,4.804,,0.00 x,0.00 x
2015-09-07,4.643,4.571,4.571,4.592,,0.00 x,0.00 x
2015-09-08,4.903,4.799,4.898,4.571,,0.00 x,0.00 x
2015-09-09,5.121,5.06,5.06,4.898,,0.00 x,0.00 x
2015-09-10,4.936,4.898,4.898,5.06,,0.00 x,0.00 x
2015-09-11,4.86,4.822,4.836,4.898,,0.00 x,0.00 x
2015-09-14,4.818,4.811,4.816,4.836,,0.00 x,0.00 x
2015-09-15,4.847,4.793,4.847,4.816,,0.00 x,0.00 x
2015-09-16,4.959,4.856,4.959,4.847,,0.00 x,0.00 x
2015-09-17,4.958,4.915,4.922,4.959,,0.00 x,0.00 x
2015-09-18,4.979,4.949,4.949,4.922,,0.00 x,0.00 x
2015-09-21,5.096,5.0,5.096,4.949,,0.00 x,0.00 x
2015-09-22,5.127,5.108,5.108,5.096,,0.00 x,0.00 x
2015-09-23,5.019,4.946,4.994,5.108,,0.00 x,0.00 x
2015-09-24,4.951,4.882,4.882,4.994,,0.00 x,0.00 x
2015-09-25,5.056,5.004,5.004,4.882,,0.00 x,0.00 x
2015-09-28,4.996,4.906,4.906,5.004,,0.00 x,0.00 x
2015-09-29,5.034,4.835,4.897,4.906,,0.00 x,0.00 x
2015-09-30,4.97,4.917,4.97,4.897,,0.00 x,0.00 x
2015-10-01,5.034,4.997,4.997,4.97,,0.00 x,0.00 x
2015-10-02,5.061,4.96,4.96,4.997,,0.00 x,0.00 x
2015-10-05,5.113,5.071,5.113,4.96,,0.00 x,0.00 x
2015-10-06,5.123,5.109,5.123,5.113,,0.00 x,0.00 x
2015-10-07,5.2,5.126,5.188,5.123,,0.00 x,0.00 x
2015-10-08,5.163,5.153,5.163,5.188,,0.00 x,0.00 x
2015-10-09,5.113,5.091,5.095,5.163,,0.00 x,0.00 x
2015-10-12,5.12,5.101,5.116,5.095,,0.00 x,0.00 x
2015-10-13,5.081,5.061,5.081,5.116,,0.00 x,0.00 x
2015-10-14,5.09,5.082,5.086,5.081,,0.00 x,0.00 x
2015-10-15,5.146,5.114,5.146,5.086,,0.00 x,0.00 x
2015-10-16,5.323,5.281,5.319,5.146,,0.00 x,0.00 x
2015-10-19,5.239,5.211,5.211,5.319,,0.00 x,0.00 x
2015-10-20,5.227,5.162,5.162,5.211,,0.00 x,0.00 x
2015-10-21,5.218,5.183,5.196,5.162,,0.00 x,0.00 x
2015-10-22,5.277,5.207,5.277,5.196,,0.00 x,0.00 x
2015-10-23,5.556,5.424,5.556,5.277,,0.00 x,0.00 x
2015-10-26,5.453,5.425,5.431,5.556,,0.00 x,0.00 x
2015-10-27,5.448,5.428,5.444,5.431,,0.00 x,0.00 x
2015-10-28,5.435,5.381,5.398,5.444,,0.00 x,0.00 x
2015-10-29,5.434,5.403,5.405,5.398,,0.00 x,0.00 x
2015-10-30,5.369,5.348,5.348,5.405,,0.00 x,0.00 x
2015-11-02,5.318,5.291,5.308,5.348,,0.00 x,0.00 x
2015-11-03,5.446,5.431,5.446,5.308,,0.00 x,0.00 x
2015-11-04,5.632,5.578,5.632,5.446,,0.00 x,0.00 x
2015-11-05,5.61,5.582,5.61,5.632,,0.00 x,0.00 x
2015-11-06,5.606,5.555,5.601,5.61,,0.00 x,0.00 x
2015-11-09,5.412,5.405,5.412,5.601,,0.00 x,0.00 x
2015-11-10,5.317,5.291,5.317,5.412,,0.00 x,0.00 x
2015-11-11,5.361,5.219,5.219,5.317,,0.00 x,0.00 x
2015-11-12,5.349,5.307,5.307,5.219,,0.00 x,0.00 x
2015-11-13,5.267,5.238,5.255,5.307,,0.00 x,0.00 x
2015-11-16,5.19,5.123,5.19,5.255,,0.00 x,0.00 x
2015-11-17,5.301,5.298,5.298,5.19,,0.00 x,0.00 x
2015-11-19,5.379,5.327,5.327,5.243,,0.00 x,0.00 x
2015-11-20,5.462,5.381,5.462,5.327,,0.00 x,0.00 x
2015-11-23,5.627,5.488,5.488,5.462,,0.00 x,0.00 x
2015-11-24,5.459,5.436,5.459,5.488,,0.00 x,0.00 x
2015-11-25,5.488,5.434,5.487,5.459,,0.00 x,0.00 x
2015-11-26,5.494,5.492,5.492,5.487,,0.00 x,0.00 x
2015-11-27,5.363,5.338,5.36,5.492,,0.00 x,0.00 x
2015-11-30,5.4,5.343,5.343,5.36,,0.00 x,0.00 x
2015-12-01,5.374,5.365,5.365,5.343,,0.00 x,0.00 x
2015-12-02,5.432,5.375,5.387,5.365,,0.00 x,0.00 x
2015-12-03,5.35,5.217,5.217,5.387,,0.00 x,0.00 x
2015-12-04,5.187,5.134,5.166,5.217,,0.00 x,0.00 x
2015-12-07,5.273,5.249,5.257,5.166,,0.00 x,0.00 x
2015-12-08,5.171,5.116,5.171,5.257,,0.00 x,0.00 x
2015-12-09,5.218,5.063,5.063,5.171,,0.00 x,0.00 x
2015-12-10,5.023,5.005,5.015,5.063,,0.00 x,0.00 x
2015-12-11,4.974,4.846,4.846,5.015,,0.00 x,0.00 x
2015-12-14,4.894,4.88,4.886,4.846,,0.00 x,0.00 x
2015-12-15,4.897,4.882,4.887,4.886,,0.00 x,0.00 x
2015-12-16,4.959,4.909,4.959,4.887,,0.00 x,0.00 x
2015-12-17,4.984,4.948,4.971,4.959,,0.00 x,0.00 x
2015-12-18,5.021,4.972,4.993,4.971,,0.00 x,0.00 x
2015-12-21,4.978,4.949,4.949,4.993,,0.00 x,0.00 x
2015-12-22,4.998,4.974,4.974,4.949,,0.00 x,0.00 x
2015-12-23,5.016,5.009,5.016,4.974,,0.00 x,0.00 x
2015-12-28,5.004,4.996,4.996,5.016,,0.00 x,0.00 x
2015-12-29,5.024,5.024,5.024,4.996,,0.00 x,0.00 x
2015-12-30,5.164,5.029,5.164,5.024,,0.00 x,0.00 x
2016-01-04,4.942,4.942,4.942,5.164,,0.00 x,0.00 x
2016-01-05,5.02,4.975,5.02,4.942,,0.00 x,0.00 x
2016-01-06,5.015,4.978,5.005,5.02,,0.00 x,0.00 x
2016-01-07,4.928,4.909,4.909,5.005,,0.00 x,0.00 x
2016-01-08,4.8,4.792,4.8,4.909,,0.00 x,0.00 x
2016-01-11,4.67,4.625,4.67,4.8,,0.00 x,0.00 x
2016-01-12,4.648,4.573,4.648,4.67,,0.00 x,0.00 x
2016-01-13,4.598,4.549,4.549,4.648,,0.00 x,0.00 x
2016-01-14,4.531,4.531,4.531,4.549,,0.00 x,0.00 x
2016-01-15,4.399,4.35,4.35,4.531,,0.00 x,0.00 x
2016-01-18,4.308,4.298,4.298,4.35,,0.00 x,0.00 x
2016-01-19,4.431,4.368,4.43,4.298,,0.00 x,0.00 x
2016-01-20,4.218,4.172,4.209,4.43,,0.00 x,0.00 x
2016-01-21,4.131,4.109,4.109,4.209,,0.00 x,0.00 x
2016-01-22,4.258,4.239,4.256,4.109,,0.00 x,0.00 x
2016-01-25,4.304,4.245,4.245,4.256,,0.00 x,0.00 x
2016-01-26,4.172,4.123,4.172,4.245,,0.00 x,0.00 x
2016-01-27,4.159,4.116,4.116,4.172,,0.00 x,0.00 x
2016-01-28,4.147,4.13,4.147,4.116,,0.00 x,0.00 x
2016-01-29,4.197,4.184,4.197,4.147,,0.00 x,0.00 x
2016-02-01,4.181,4.162,4.172,4.197,,0.00 x,0.00 x
2016-02-02,4.169,4.158,4.158,4.172,,0.00 x,0.00 x
2016-02-03,4.041,4.022,4.022,4.158,,0.00 x,0.00 x
2016-02-04,4.092,4.012,4.017,4.022,,0.00 x,0.00 x
2016-02-05,4.237,4.213,4.225,4.017,,0.00 x,0.00 x
2016-02-08,4.231,4.154,4.154,4.225,,0.00 x,0.00 x
2016-02-09,4.13,4.068,4.098,4.154,,0.00 x,0.00 x
2016-02-10,4.23,4.086,4.23,4.098,,0.00 x,0.00 x
2016-02-11,4.054,3.991,3.991,4.23,,0.00 x,0.00 x
2016-02-12,4.135,4.061,4.135,3.991,,0.00 x,0.00 x
2016-02-15,4.174,4.139,4.174,4.135,,0.00 x,0.00 x
2016-02-16,4.262,4.25,4.257,4.174,,0.00 x,0.00 x
2016-02-17,4.312,4.274,4.312,4.257,,0.00 x,0.00 x
2016-02-18,4.394,4.352,4.386,4.312,,0.00 x,0.00 x
2016-02-29,4.563,4.532,4.563,4.499,,0.00 x,0.00 x
2016-03-01,4.604,4.593,4.604,4.568,,0.00 x,0.00 x
2016-03-02,4.955,4.834,4.836,4.604,,0.00 x,0.00 x
2016-03-03,4.869,4.862,4.862,4.836,,0.00 x,0.00 x
2016-03-04,4.99,4.959,4.959,4.862,,0.00 x,0.00 x
2016-03-07,5.057,5.046,5.055,4.959,,0.00 x,0.00 x
2016-03-08,5.028,4.969,4.969,5.055,,0.00 x,0.00 x
2016-03-09,5.014,5.014,5.014,4.969,,0.00 x,0.00 x
2016-03-10,4.827,4.728,4.758,5.014,,0.00 x,0.00 x
2016-03-11,4.694,4.644,4.681,4.758,,0.00 x,0.00 x
2016-03-14,4.932,4.777,4.798,4.688,,0.00 x,0.00 x
2016-03-15,4.786,4.77,4.78,4.798,,0.00 x,0.00 x
2016-04-08,4.577,4.558,4.574,4.446,,0.00 x,0.00 x
2016-04-11,4.63,4.596,4.596,4.574,,0.00 x,0.00 x
2016-04-12,4.69,4.641,4.69,4.596,,0.00 x,0.00 x
2016-04-13,4.805,4.758,4.805,4.69,,0.00 x,0.00 x
2016-04-14,4.864,4.86,4.864,4.805,,0.00 x,0.00 x
2016-04-15,4.811,4.805,4.805,4.864,,0.00 x,0.00 x
2016-04-18,4.709,4.688,4.705,4.805,,0.00 x,0.00 x
2016-04-19,4.819,4.787,4.811,4.705,,0.00 x,0.00 x
2016-04-20,4.813,4.801,4.813,4.811,,0.00 x,0.00 x
2016-04-21,4.889,4.851,4.865,4.813,,0.00 x,0.00 x
2016-04-22,4.815,4.804,4.815,4.865,,0.00 x,0.00 x
2016-04-25,4.904,4.889,4.894,4.815,,0.00 x,0.00 x
2016-04-26,4.902,4.823,4.878,4.894,,0.00 x,0.00 x
2016-04-27,4.838,4.813,4.815,4.878,,0.00 x,0.00 x
2016-04-28,4.863,4.834,4.862,4.815,,0.00 x,0.00 x
2016-04-29,4.7,4.7,4.7,4.862,,0.00 x,0.00 x
2016-05-02,4.664,4.632,4.632,4.7,,0.00 x,0.00 x
2016-05-03,4.589,4.543,4.558,4.632,,0.00 x,0.00 x
2016-05-04,4.625,4.599,4.607,4.558,,0.00 x,0.00 x
2016-05-05,4.592,4.557,4.59,4.607,,0.00 x,0.00 x
2016-05-06,4.528,4.492,4.528,4.59,,0.00 x,0.00 x
2016-05-09,4.796,4.655,4.796,4.528,,0.00 x,0.00 x
2016-05-10,4.678,4.665,4.678,4.796,,0.00 x,0.00 x
2016-05-11,4.617,4.594,4.594,4.678,,0.00 x,0.00 x
2016-05-12,4.626,4.626,4.626,4.594,,0.00 x,0.00 x
2016-05-13,4.689,4.62,4.677,4.626,,0.00 x,0.00 x
2016-05-17,4.681,4.648,4.662,4.677,,0.00 x,0.00 x
2016-05-18,4.679,4.645,4.678,4.662,,0.00 x,0.00 x
2016-05-19,4.685,4.649,4.675,4.678,,0.00 x,0.00 x
2016-05-20,4.738,4.715,4.716,4.675,,0.00 x,0.00 x
2016-05-23,4.694,4.671,4.694,4.716,,0.00 x,0.00 x
2016-05-24,4.736,4.614,4.736,4.694,,0.00 x,0.00 x
2016-05-25,4.742,4.727,4.73,4.736,,0.00 x,0.00 x
2016-05-26,4.708,4.691,4.708,4.73,,0.00 x,0.00 x
2016-05-27,4.741,4.699,4.718,4.708,,0.00 x,0.00 x
2016-05-30,4.926,4.764,4.764,4.718,,0.00 x,0.00 x
2016-05-31,4.847,4.8,4.8,4.764,,0.00 x,0.00 x
2016-06-01,4.918,4.785,4.918,4.8,,0.00 x,0.00 x
2016-06-02,4.841,4.804,4.819,4.918,,0.00 x,0.00 x
2016-06-03,4.934,4.847,4.848,4.819,,0.00 x,0.00 x
2016-06-06,5.12,5.093,5.093,4.848,,0.00 x,0.00 x
2016-06-07,5.14,5.122,5.139,5.093,,0.00 x,0.00 x
2016-06-08,5.148,5.129,5.148,5.139,,0.00 x,0.00 x
2016-06-09,5.168,5.139,5.168,5.148,,0.00 x,0.00 x
2016-06-10,5.15,5.118,5.15,5.168,,0.00 x,0.00 x
2016-06-13,4.992,4.991,4.991,5.15,,0.00 x,0.00 x
2016-06-14,5.036,4.994,5.036,4.991,,0.00 x,0.00 x
2016-06-15,5.078,5.039,5.039,5.036,,0.00 x,0.00 x
2016-06-16,5.041,4.983,5.041,5.039,,0.00 x,0.00 x
2016-06-17,5.005,4.974,4.974,5.041,,0.00 x,0.00 x
2016-06-20,5.062,5.05,5.062,4.974,,0.00 x,0.00 x
2016-06-21,5.183,5.149,5.183,5.062,,0.00 x,0.00 x
2016-06-22,5.162,5.152,5.152,5.183,,0.00 x,0.00 x
2016-06-23,5.141,5.115,5.141,5.152,,0.00 x,0.00 x
2016-06-24,5.152,5.104,5.152,5.141,,0.00 x,0.00 x
2016-06-27,5.288,5.26,5.288,5.152,,0.00 x,0.00 x
2016-06-28,5.303,5.21,5.303,5.288,,0.00 x,0.00 x
2016-06-29,5.402,5.369,5.369,5.303,,0.00 x,0.00 x
2016-06-30,5.445,5.362,5.381,5.369,,0.00 x,0.00 x
2016-07-01,5.426,5.4,5.426,5.381,,0.00 x,0.00 x
2016-07-04,5.388,5.353,5.353,5.426,,0.00 x,0.00 x
2016-07-05,5.42,5.374,5.378,5.353,,0.00 x,0.00 x
2016-07-06,5.343,5.308,5.333,5.378,,0.00 x,0.00 x
2016-07-07,5.377,5.37,5.374,5.333,,0.00 x,0.00 x
2016-07-08,5.429,5.293,5.429,5.374,,0.00 x,0.00 x
2016-07-11,5.446,5.422,5.422,5.429,,0.00 x,0.00 x
2016-07-12,5.455,5.419,5.455,5.422,,0.00 x,0.00 x
2016-07-13,5.587,5.55,5.57,5.455,,0.00 x,0.00 x
2016-07-14,5.708,5.632,5.708,5.57,,0.00 x,0.00 x
2016-07-15,5.787,5.77,5.77,5.708,,0.00 x,0.00 x
2016-07-19,5.822,5.822,5.822,5.812,,0.00 x,0.00 x
2016-07-20,6.058,6.026,6.048,5.822,,0.00 x,0.00 x
2016-07-21,6.209,6.114,6.116,6.048,,0.00 x,0.00 x
2016-07-22,6.116,6.11,6.11,6.116,,0.00 x,0.00 x
2016-07-25,6.169,6.16,6.16,6.11,,0.00 x,0.00 x
2016-07-26,6.353,6.186,6.186,6.16,,0.00 x,0.00 x
2016-07-27,6.129,6.096,6.122,6.186,,0.00 x,0.00 x
2016-07-28,6.199,6.172,6.199,6.122,,0.00 x,0.00 x
2016-07-29,6.13,6.075,6.077,6.199,,0.00 x,0.00 x
2016-08-01,6.171,6.118,6.12,6.077,,0.00 x,0.00 x
2016-08-02,6.034,6.007,6.007,6.12,,0.00 x,0.00 x
2016-08-03,5.788,5.762,5.766,6.007,,0.00 x,0.00 x
2016-08-04,5.844,5.797,5.812,5.766,,0.00 x,0.00 x
2016-08-05,6.035,5.953,6.035,5.812,,0.00 x,0.00 x
2016-08-08,6.102,6.075,6.1,6.035,,0.00 x,0.00 x
2016-08-09,6.118,6.097,6.097,6.1,,0.00 x,0.00 x
2016-08-10,5.955,5.917,5.937,6.097,,0.00 x,0.00 x
2016-08-11,6.086,6.08,6.08,5.937,,0.00 x,0.00 x
2016-08-12,6.196,6.158,6.196,6.08,,0.00 x,0.00 x
2016-08-15,6.183,6.169,6.175,6.196,,0.00 x,0.00 x
2016-08-16,6.191,6.132,6.148,6.175,,0.00 x,0.00 x
2016-08-17,6.154,6.143,6.143,6.148,,0.00 x,0.00 x
2016-08-18,6.143,6.132,6.135,6.143,,0.00 x,0.00 x
2016-08-19,6.133,6.133,6.133,6.135,,0.00 x,0.00 x
2016-08-22,6.14,6.085,6.14,6.133,,0.00 x,0.00 x
2016-08-23,6.237,6.127,6.237,6.14,,0.00 x,0.00 x
2016-08-24,6.329,6.28,6.329,6.237,,0.00 x,0.00 x
2016-08-25,6.282,6.229,6.282,6.329,,0.00 x,0.00 x
2016-08-26,6.228,6.201,6.212,6.282,,0.00 x,0.00 x
2016-08-29,6.206,6.171,6.206,6.212,,0.00 x,0.00 x
2016-08-30,6.327,6.29,6.291,6.206,,0.00 x,0.00 x
2016-08-31,6.269,6.269,6.269,6.291,,0.00 x,0.00 x
2016-09-01,6.195,6.192,6.195,6.269,,0.00 x,0.00 x
2016-09-02,6.26,6.156,6.26,6.195,,0.00 x,0.00 x
2016-09-05,6.349,6.33,6.33,6.26,,0.00 x,0.00 x
2016-09-06,6.362,6.362,6.362,6.33,,0.00 x,0.00 x
2016-09-07,6.268,6.262,6.267,6.362,,0.00 x,0.00 x
2016-09-08,6.358,6.358,6.358,6.267,,0.00 x,0.00 x
2016-09-09,6.511,6.389,6.389,6.358,,0.00 x,0.00 x
2016-09-12,6.421,6.244,6.421,6.389,,0.00 x,0.00 x
2016-09-13,6.309,6.277,6.309,6.421,,0.00 x,0.00 x
2016-09-14,6.237,6.189,6.189,6.309,,0.00 x,0.00 x
2016-09-15,6.229,6.229,6.229,6.189,,0.00 x,0.00 x
2016-09-16,6.354,6.351,6.351,6.229,,0.00 x,0.00 x
2016-09-19,6.487,6.392,6.458,6.351,,0.00 x,0.00 x
2016-09-20,6.58,6.483,6.57,6.458,,0.00 x,0.00 x
2016-09-21,6.582,6.573,6.574,6.57,,0.00 x,0.00 x
2016-09-22,6.588,6.547,6.588,6.574,,0.00 x,0.00 x
2016-09-23,6.637,6.637,6.637,6.588,,0.00 x,0.00 x
2016-09-26,6.517,6.483,6.492,6.637,,0.00 x,0.00 x
2016-09-27,6.543,6.483,6.543,6.492,,0.00 x,0.00 x
2016-09-28,6.434,6.384,6.434,6.543,,0.00 x,0.00 x
2016-09-29,6.451,6.408,6.451,6.434,,0.00 x,0.00 x
2016-09-30,6.413,6.375,6.413,6.451,,0.00 x,0.00 x
2016-10-04,6.642,6.524,6.642,6.413,,0.00 x,0.00 x
2016-10-05,6.55,6.507,6.55,6.642,,0.00 x,0.00 x
2016-10-06,6.485,6.468,6.485,6.55,,0.00 x,0.00 x
2016-10-07,6.478,6.435,6.435,6.485,,0.00 x,0.00 x
2016-10-10,6.437,6.428,6.437,6.435,,0.00 x,0.00 x
2016-10-11,6.405,6.305,6.405,6.437,,0.00 x,0.00 x
2016-10-12,6.322,6.288,6.322,6.405,,0.00 x,0.00 x
2016-10-13,6.336,6.32,6.326,6.322,,0.00 x,0.00 x
2016-10-14,6.355,6.327,6.355,6.326,,0.00 x,0.00 x
2016-10-17,6.294,6.279,6.28,6.355,,0.00 x,0.00 x
2016-10-18,6.398,6.355,6.367,6.28,,0.00 x,0.00 x
2016-10-19,6.439,6.407,6.439,6.367,,0.00 x,0.00 x
2016-10-20,6.456,6.41,6.449,6.439,,0.00 x,0.00 x
2016-10-21,6.496,6.466,6.496,6.449,,0.00 x,0.00 x
2016-10-24,6.725,6.58,6.725,6.496,,0.00 x,0.00 x
2016-10-25,6.804,6.749,6.804,6.725,,0.00 x,0.00 x
2016-10-26,6.788,6.746,6.773,6.804,,0.00 x,0.00 x
2016-10-27,6.787,6.702,6.787,6.773,,0.00 x,0.00 x
2016-10-28,6.739,6.729,6.729,6.787,,0.00 x,0.00 x
2016-10-31,6.788,6.777,6.777,6.729,,0.00 x,0.00 x
2016-11-01,6.957,6.931,6.931,6.777,,0.00 x,0.00 x
2016-11-02,6.808,6.808,6.808,6.931,,0.00 x,0.00 x
2016-11-03,6.622,6.588,6.622,6.808,,0.00 x,0.00 x
2016-11-04,6.601,6.593,6.593,6.622,,0.00 x,0.00 x
2016-11-07,6.462,6.462,6.462,6.593,,0.00 x,0.00 x
2016-11-08,6.572,6.558,6.569,6.462,,0.00 x,0.00 x
2016-11-09,6.498,6.387,6.498,6.569,,0.00 x,0.00 x
2016-11-10,6.769,6.769,6.769,6.498,,0.00 x,0.00 x
2016-11-11,6.391,6.351,6.363,6.791,,0.00 x,0.00 x
2016-11-14,6.327,6.269,6.327,6.363,,0.00 x,0.00 x
2016-11-15,6.347,6.338,6.347,6.319,,0.00 x,0.00 x
2016-11-16,6.297,6.297,6.297,6.347,,0.00 x,0.00 x
2016-11-17,6.491,6.491,6.491,6.297,,0.00 x,0.00 x
2016-11-18,6.578,6.578,6.578,6.491,,0.00 x,0.00 x
2016-11-21,6.638,6.621,6.638,6.578,,0.00 x,0.00 x
2016-11-22,6.68,6.618,6.68,6.638,,0.00 x,0.00 x
2016-11-23,6.714,6.604,6.706,6.68,,0.00 x,0.00 x
2016-11-24,6.635,6.635,6.635,6.706,,0.00 x,0.00 x
2016-11-25,6.702,6.665,6.665,6.635,,0.00 x,0.00 x
2016-11-28,6.656,6.587,6.587,6.665,,0.00 x,0.00 x
2016-11-29,6.607,6.596,6.596,6.587,,0.00 x,0.00 x
2016-11-30,6.698,6.698,6.698,6.596,,0.00 x,0.00 x
2016-12-01,6.798,6.772,6.792,6.698,,0.00 x,0.00 x
2016-12-02,6.621,6.621,6.621,6.792,,0.00 x,0.00 x
2016-12-05,6.633,6.633,6.633,6.651,,0.00 x,0.00 x
2016-12-06,6.576,6.576,6.576,6.633,0.0,0.00 x,0.00 x
2016-12-07,6.602,6.602,6.602,6.576,0.0,0.00 x,0.00 x
2016-12-08,6.784,6.675,6.784,6.602,0.0,0.00 x,0.00 x
2016-12-09,6.706,6.706,6.706,6.784,0.0,0.00 x,0.00 x
2016-12-12,6.592,6.544,6.544,6.706,0.0,0.00 x,0.00 x
2016-12-13,6.556,6.474,6.556,6.544,0.0,0.00 x,0.00 x
2016-12-14,6.528,6.508,6.509,6.556,0.0,0.00 x,0.00 x
2016-12-15,6.484,6.448,6.471,6.509,0.0,0.00 x,0.00 x
2016-12-16,6.389,6.354,6.366,6.471,0.0,0.00 x,0.00 x
2016-12-19,6.292,6.292,6.292,6.366,0.0,0.00 x,0.00 x
2016-12-20,6.339,6.339,6.339,6.292,0.0,0.00 x,0.00 x
2016-12-21,6.293,6.293,6.293,6.339,0.0,0.00 x,0.00 x
2016-12-22,6.194,6.17,6.194,6.293,0.0,0.00 x,0.00 x
2016-12-23,6.163,6.163,6.163,6.194,0.0,0.00 x,0.00 x
2016-12-27,6.124,6.114,6.122,6.163,0.0,0.00 x,0.00 x
2016-12-28,6.181,6.132,6.176,6.122,0.0,0.00 x,0.00 x
2016-12-29,6.187,6.163,6.177,6.176,0.0,0.00 x,0.00 x
2016-12-30,6.22,6.19,6.19,6.177,0.0,0.00 x,0.00 x
2017-01-02,6.254,6.225,6.253,6.19,0.0,0.00 x,0.00 x
2017-01-03,6.512,6.512,6.512,6.253,0.0,0.00 x,0.00 x
2017-01-04,6.711,6.681,6.711,6.512,0.0,0.00 x,0.00 x
2017-01-05,6.584,6.584,6.584,6.711,0.0,0.00 x,0.00 x
2017-01-06,6.778,6.749,6.778,6.584,0.0,0.00 x,0.00 x
2017-01-09,6.775,6.76,6.76,6.778,0.0,0.00 x,0.00 x
2017-01-10,6.864,6.864,6.864,6.76,0.0,0.00 x,0.00 x
2017-01-11,7.063,6.981,6.981,6.864,0.0,0.00 x,0.00 x
2017-01-12,6.905,6.905,6.905,6.981,0.0,0.00 x,0.00 x
2017-01-13,6.934,6.934,6.934,6.905,0.0,0.00 x,0.00 x
2017-01-16,6.868,6.868,6.868,6.934,0.0,0.00 x,0.00 x
2017-01-17,6.81,6.81,6.81,6.868,0.0,0.00 x,0.00 x
2017-01-18,6.911,6.911,6.911,6.81,0.0,0.00 x,0.00 x
2017-01-19,6.929,6.88,6.911,6.911,0.0,0.00 x,0.00 x
2017-01-20,6.819,6.798,6.798,6.911,0.0,0.00 x,0.00 x
2017-01-23,6.795,6.795,6.795,6.798,0.0,0.00 x,0.00 x
2017-01-24,6.887,6.883,6.883,6.795,0.0,0.00 x,0.00 x
2017-01-25,7.017,6.96,7.017,6.883,0.0,0.00 x,0.00 x
2017-01-26,6.948,6.948,6.948,7.017,0.0,0.00 x,0.00 x
2017-01-27,7.163,6.984,7.132,6.948,459.0,0.00 x,0.00 x
2017-01-30,6.895,6.895,6.895,7.132,0.0,0.00 x,0.00 x
2017-01-31,6.867,6.867,6.867,6.895,0.0,0.00 x,0.00 x
2017-02-01,6.927,6.927,6.927,6.867,0.0,0.00 x,0.00 x
2017-02-02,6.911,6.866,6.911,6.927,0.0,0.00 x,0.00 x
2017-02-03,6.942,6.915,6.927,6.911,0.0,0.00 x,0.00 x
2017-02-06,6.808,6.808,6.808,6.927,0.0,0.00 x,0.00 x
2017-02-07,6.888,6.888,6.888,6.808,0.0,0.00 x,0.00 x
2017-02-08,6.946,6.936,6.936,6.888,0.0,0.00 x,0.00 x
2017-02-09,6.96,6.932,6.957,6.936,0.0,0.00 x,0.00 x
2017-02-10,6.855,6.855,6.855,6.957,0.0,0.00 x,0.00 x
2017-02-13,6.894,6.894,6.894,6.855,0.0,0.00 x,0.00 x
2017-02-14,6.926,6.926,6.926,6.894,0.0,0.00 x,0.00 x
2017-02-15,7.077,7.029,7.047,6.926,0.0,0.00 x,0.00 x
2017-02-16,7.133,7.133,7.133,7.047,0.0,0.00 x,0.00 x
2017-02-17,7.149,7.101,7.149,7.133,0.0,0.00 x,0.00 x
2017-02-20,7.149,7.149,7.149,7.149,0.0,0.00 x,0.00 x
2017-02-21,7.249,7.249,7.249,7.149,0.0,0.00 x,0.00 x
2017-02-22,7.571,7.546,7.571,7.249,0.0,0.00 x,0.00 x
2017-02-23,7.587,7.586,7.587,7.571,900.0,0.00 x,0.00 x
2017-02-24,7.463,7.4,7.463,7.587,0.0,0.00 x,0.00 x
2017-02-27,7.456,7.456,7.456,7.463,0.0,0.00 x,0.00 x
2017-02-28,7.414,7.394,7.394,7.456,0.0,0.00 x,0.00 x
2017-03-01,7.581,7.55,7.581,7.394,0.0,0.00 x,0.00 x
2017-03-02,7.608,7.608,7.608,7.581,0.0,0.00 x,0.00 x
2017-03-03,7.433,7.433,7.433,7.608,0.0,0.00 x,0.00 x
2017-03-06,7.432,7.432,7.432,7.433,0.0,0.00 x,0.00 x
2017-03-07,7.499,7.499,7.499,7.432,0.0,0.00 x,0.00 x
2017-03-08,7.559,7.559,7.559,7.499,0.0,0.00 x,0.00 x
2017-03-09,7.483,7.483,7.483,7.559,0.0,0.00 x,0.00 x
2017-03-10,8.157,8.157,8.157,7.483,0.0,0.00 x,0.00 x
2017-03-13,8.02,8.02,8.02,8.157,0.0,0.00 x,0.00 x
2017-03-14,8.101,8.101,8.101,8.02,0.0,0.00 x,0.00 x
2017-03-15,8.237,8.231,8.237,8.101,0.0,0.00 x,0.00 x
2017-03-16,8.177,8.168,8.177,8.237,0.0,0.00 x,0.00 x
2017-03-17,8.141,8.128,8.141,8.177,0.0,0.00 x,0.00 x
2017-03-20,8.29,8.08,8.29,8.141,195.0,0.00 x,0.00 x
2017-03-21,8.111,8.111,8.111,8.29,0.0,0.00 x,0.00 x
2017-03-22,8.035,7.995,8.035,8.111,0.0,0.00 x,0.00 x
2017-03-23,8.123,8.123,8.123,8.035,0.0,0.00 x,0.00 x
2017-03-24,8.14,8.14,8.14,8.123,0.0,0.00 x,0.00 x
2017-03-27,7.977,7.977,7.977,8.14,0.0,0.00 x,0.00 x
2017-03-28,7.892,7.892,7.892,7.977,0.0,0.00 x,0.00 x
2017-03-29,8.01,7.916,8.01,7.892,0.0,0.00 x,0.00 x
2017-03-30,8.048,8.029,8.035,8.01,0.0,0.00 x,0.00 x
2017-03-31,7.98,7.98,7.98,8.035,0.0,0.00 x,0.00 x
2017-04-03,7.996,7.996,7.996,7.98,0.0,0.00 x,0.00 x
2017-04-04,7.983,7.977,7.983,7.996,0.0,0.00 x,0.00 x
2017-04-05,8.019,7.978,8.019,7.983,0.0,0.00 x,0.00 x
2017-04-06,7.976,7.976,7.976,8.019,0.0,0.00 x,0.00 x
2017-04-07,7.912,7.893,7.9,7.976,0.0,0.00 x,0.00 x
2017-04-10,8.053,7.997,7.997,7.9,0.0,0.00 x,0.00 x
2017-04-11,7.985,7.938,7.938,7.997,0.0,0.00 x,0.00 x
2017-04-12,8.071,7.998,8.071,7.938,0.0,0.00 x,0.00 x
2017-04-13,8.052,8.03,8.05,8.071,0.0,0.00 x,0.00 x
2017-04-18,7.932,7.932,7.932,8.05,0.0,0.00 x,0.00 x
2017-04-19,7.793,7.774,7.793,7.932,370.0,0.00 x,0.00 x
2017-04-20,7.913,7.904,7.905,7.793,0.0,0.00 x,0.00 x
2017-04-21,7.93,7.865,7.865,7.905,0.0,0.00 x,0.00 x
2017-04-24,7.743,7.713,7.743,7.865,0.0,0.00 x,0.00 x
2017-04-26,7.811,7.707,7.811,7.789,0.0,0.00 x,0.00 x
2017-04-27,7.81,7.751,7.81,7.811,0.0,0.00 x,0.00 x
2017-04-28,7.765,7.75,7.765,7.81,0.0,0.00 x,0.00 x
2017-05-02,7.764,7.764,7.764,7.765,0.0,0.00 x,0.00 x
2017-05-03,7.774,7.767,7.771,7.764,0.0,0.00 x,0.00 x
2017-05-04,7.711,7.692,7.697,7.771,0.0,0.00 x,0.00 x
2017-05-05,7.61,7.601,7.61,7.697,0.0,0.00 x,0.00 x
2017-05-08,7.746,7.68,7.746,7.61,0.0,0.00 x,0.00 x
2017-05-09,7.831,7.699,7.819,7.746,0.0,0.00 x,0.00 x
2017-05-10,7.803,7.803,7.803,7.819,0.0,0.00 x,0.00 x
2017-05-11,7.83,7.801,7.83,7.803,0.0,0.00 x,0.00 x
2017-05-12,7.712,7.712,7.712,7.83,0.0,0.00 x,0.00 x
2017-05-15,7.665,7.642,7.642,7.712,0.0,0.00 x,0.00 x
2017-05-16,7.533,7.512,7.512,7.642,0.0,0.00 x,0.00 x
2017-05-17,7.592,7.544,7.544,7.512,0.0,0.00 x,0.00 x
2017-05-18,7.545,7.451,7.54,7.544,188.0,0.00 x,0.00 x
2017-05-19,7.602,7.602,7.602,7.54,0.0,0.00 x,0.00 x
2017-05-22,7.512,7.512,7.512,7.602,0.0,0.00 x,0.00 x
2017-05-23,7.521,7.491,7.521,7.512,195.0,0.00 x,0.00 x
2017-05-24,7.485,7.448,7.449,7.521,0.0,0.00 x,0.00 x
2017-05-25,7.52,7.518,7.518,7.449,0.0,0.00 x,0.00 x
2017-05-26,7.525,7.489,7.491,7.518,0.0,0.00 x,0.00 x
2017-05-29,7.567,7.567,7.567,7.491,0.0,0.00 x,0.00 x
2017-05-30,7.59,7.551,7.551,7.567,0.0,0.00 x,0.00 x
2017-05-31,7.554,7.554,7.554,7.551,0.0,0.00 x,0.00 x
2017-06-01,7.565,7.565,7.565,7.554,0.0,0.00 x,0.00 x
2017-06-02,7.749,7.749,7.749,7.565,0.0,0.00 x,0.00 x
2017-06-06,7.993,7.993,7.993,7.749,0.0,0.00 x,0.00 x
2017-06-07,8.028,7.943,8.028,7.993,0.0,0.00 x,0.00 x
2017-06-08,7.981,7.962,7.962,8.028,0.0,0.00 x,0.00 x
2017-06-09,7.865,7.865,7.865,7.962,0.0,0.00 x,0.00 x
